scenario,metric,case,baseline_ours,b16on_ours,delta
FAREND SINGLETALK,echo_mos,0,4.2010,4.1930,-0.0080
FAREND SINGLETALK,echo_mos,1,4.4380,4.4190,-0.0190
FAREND SINGLETALK,echo_mos,2,2.5750,2.5830,+0.0080
FAREND SINGLETALK,echo_mos,3,3.9450,3.9400,-0.0050
FAREND SINGLETALK,echo_mos,4,3.5700,3.5680,-0.0020
FAREND SINGLETALK,echo_mos,5,4.2900,4.2880,-0.0020
FAREND SINGLETALK,echo_mos,6,3.3880,3.3890,+0.0010
FAREND SINGLETALK,echo_mos,7,4.1850,4.1780,-0.0070
FAREND SINGLETALK,echo_mos,8,4.2480,4.2350,-0.0130
FAREND SINGLETALK,echo_mos,9,2.4820,2.4850,+0.0030
FAREND SINGLETALK,echo_mos,10,2.2870,2.2820,-0.0050
FAREND SINGLETALK,echo_mos,11,1.4470,1.4350,-0.0120
FAREND SINGLETALK,echo_mos,12,4.1600,4.2010,+0.0410
FAREND SINGLETALK,echo_mos,13,2.8640,2.8450,-0.0190
FAREND SINGLETALK,echo_mos,14,1.5420,1.5440,+0.0020
FAREND SINGLETALK,echo_mos,15,4.4000,4.3940,-0.0060
FAREND SINGLETALK,echo_mos,16,2.0480,2.0600,+0.0120
FAREND SINGLETALK,echo_mos,17,4.2200,4.2040,-0.0160
FAREND SINGLETALK,echo_mos,18,3.8950,3.8410,-0.0540
FAREND SINGLETALK,echo_mos,19,2.2720,2.2060,-0.0660
FAREND SINGLETALK,echo_mos,20,1.7150,1.7180,+0.0030
FAREND SINGLETALK,echo_mos,21,3.5590,3.5380,-0.0210
FAREND SINGLETALK,echo_mos,22,3.9800,3.9750,-0.0050
FAREND SINGLETALK,echo_mos,23,4.2750,4.2630,-0.0120
FAREND SINGLETALK,echo_mos,24,3.2780,3.2340,-0.0440
FAREND SINGLETALK,echo_mos,25,3.9860,3.9750,-0.0110
FAREND SINGLETALK,echo_mos,26,4.0240,4.0150,-0.0090
FAREND SINGLETALK,echo_mos,27,3.9790,3.9620,-0.0170
FAREND SINGLETALK,echo_mos,28,4.4860,4.4920,+0.0060
FAREND SINGLETALK,echo_mos,29,2.6520,2.6500,-0.0020
FAREND SINGLETALK,echo_mos,30,1.7900,1.7900,+0.0000
FAREND SINGLETALK,echo_mos,31,1.8790,1.8850,+0.0060
FAREND SINGLETALK,echo_mos,32,4.2210,4.2110,-0.0100
FAREND SINGLETALK,echo_mos,33,4.0200,4.0370,+0.0170
FAREND SINGLETALK,echo_mos,34,3.0070,3.0570,+0.0500
FAREND SINGLETALK,echo_mos,35,3.5350,3.5360,+0.0010
FAREND SINGLETALK,echo_mos,36,1.9730,1.9930,+0.0200
FAREND SINGLETALK,echo_mos,37,2.9600,2.9520,-0.0080
FAREND SINGLETALK,echo_mos,38,3.1310,3.1490,+0.0180
FAREND SINGLETALK,echo_mos,39,4.4170,4.4220,+0.0050
FAREND SINGLETALK,echo_mos,40,1.8410,1.8460,+0.0050
FAREND SINGLETALK,echo_mos,41,1.9600,1.9570,-0.0030
FAREND SINGLETALK,echo_mos,42,1.5660,1.5550,-0.0110
FAREND SINGLETALK,echo_mos,43,3.1790,3.1850,+0.0060
FAREND SINGLETALK,echo_mos,44,3.5990,3.6000,+0.0010
FAREND SINGLETALK,echo_mos,45,4.1010,4.1380,+0.0370
FAREND SINGLETALK,echo_mos,46,4.0710,4.0850,+0.0140
FAREND SINGLETALK,echo_mos,47,4.2410,4.2310,-0.0100
FAREND SINGLETALK,echo_mos,48,4.1610,4.1680,+0.0070
FAREND SINGLETALK,echo_mos,49,3.3290,3.3150,-0.0140
FAREND SINGLETALK,echo_mos,50,3.0790,3.0210,-0.0580
FAREND SINGLETALK,echo_mos,51,3.3550,3.3080,-0.0470
FAREND SINGLETALK,echo_mos,52,3.3380,3.3490,+0.0110
FAREND SINGLETALK,echo_mos,53,4.3660,4.3580,-0.0080
FAREND SINGLETALK,echo_mos,54,2.1800,2.1800,+0.0000
FAREND SINGLETALK,echo_mos,55,2.5280,2.5200,-0.0080
FAREND SINGLETALK,echo_mos,56,3.5270,3.5380,+0.0110
FAREND SINGLETALK,echo_mos,57,3.9630,3.9510,-0.0120
FAREND SINGLETALK,echo_mos,58,3.0370,3.1390,+0.1020
FAREND SINGLETALK,echo_mos,59,3.8020,3.8120,+0.0100
FAREND SINGLETALK,echo_mos,60,4.0530,4.0450,-0.0080
FAREND SINGLETALK,echo_mos,61,4.2190,4.2200,+0.0010
FAREND SINGLETALK,echo_mos,62,3.5550,3.6800,+0.1250
FAREND SINGLETALK,echo_mos,63,2.0710,2.0550,-0.0160
FAREND SINGLETALK,echo_mos,64,3.3010,3.3410,+0.0400
FAREND SINGLETALK,echo_mos,65,4.2260,4.2090,-0.0170
FAREND SINGLETALK,echo_mos,66,4.3730,4.3990,+0.0260
FAREND SINGLETALK,echo_mos,67,3.3990,3.3850,-0.0140
FAREND SINGLETALK,echo_mos,68,2.6170,2.6160,-0.0010
FAREND SINGLETALK,echo_mos,69,4.5020,4.4950,-0.0070
FAREND SINGLETALK,echo_mos,70,4.3430,4.3310,-0.0120
FAREND SINGLETALK,echo_mos,71,3.6070,3.6040,-0.0030
FAREND SINGLETALK,echo_mos,72,3.0860,3.0950,+0.0090
FAREND SINGLETALK,echo_mos,73,3.6770,3.6670,-0.0100
FAREND SINGLETALK,echo_mos,74,1.8480,1.8490,+0.0010
FAREND SINGLETALK,echo_mos,75,2.1650,2.1600,-0.0050
FAREND SINGLETALK,echo_mos,76,3.1340,3.1840,+0.0500
FAREND SINGLETALK,echo_mos,77,4.4650,4.4550,-0.0100
FAREND SINGLETALK,echo_mos,78,4.4740,4.4980,+0.0240
FAREND SINGLETALK,echo_mos,79,3.9470,3.9340,-0.0130
FAREND SINGLETALK,echo_mos,80,3.9470,3.9460,-0.0010
FAREND SINGLETALK,echo_mos,81,4.4770,4.4770,+0.0000
FAREND SINGLETALK,echo_mos,82,4.5440,4.5480,+0.0040
FAREND SINGLETALK,echo_mos,83,4.2860,4.2730,-0.0130
FAREND SINGLETALK,echo_mos,84,1.9080,1.9400,+0.0320
FAREND SINGLETALK,echo_mos,85,4.4060,4.3880,-0.0180
FAREND SINGLETALK,echo_mos,86,2.2620,2.2490,-0.0130
FAREND SINGLETALK,echo_mos,87,2.5310,2.5160,-0.0150
FAREND SINGLETALK,echo_mos,88,4.0130,4.0180,+0.0050
FAREND SINGLETALK,echo_mos,89,4.2670,4.2650,-0.0020
FAREND SINGLETALK,echo_mos,90,4.2840,4.3130,+0.0290
FAREND SINGLETALK,echo_mos,91,2.2770,2.2730,-0.0040
FAREND SINGLETALK,echo_mos,92,3.9100,3.8730,-0.0370
FAREND SINGLETALK,echo_mos,93,4.4680,4.4730,+0.0050
FAREND SINGLETALK,echo_mos,94,1.6550,1.6360,-0.0190
FAREND SINGLETALK,echo_mos,95,2.1800,2.1920,+0.0120
FAREND SINGLETALK,echo_mos,96,4.0410,4.0150,-0.0260
FAREND SINGLETALK,echo_mos,97,2.3460,2.3650,+0.0190
FAREND SINGLETALK,echo_mos,98,4.2360,4.2370,+0.0010
FAREND SINGLETALK,echo_mos,99,3.2840,3.2940,+0.0100
FAREND SINGLETALK,echo_mos,100,2.9680,2.9690,+0.0010
FAREND SINGLETALK,echo_mos,101,4.1030,4.1550,+0.0520
FAREND SINGLETALK,echo_mos,102,4.1600,4.1280,-0.0320
FAREND SINGLETALK,echo_mos,103,4.1880,4.1820,-0.0060
FAREND SINGLETALK,echo_mos,104,1.4750,1.4710,-0.0040
FAREND SINGLETALK,echo_mos,105,4.2710,4.2750,+0.0040
FAREND SINGLETALK,echo_mos,106,3.0870,3.0840,-0.0030
FAREND SINGLETALK,echo_mos,107,2.7060,2.7220,+0.0160
FAREND SINGLETALK,echo_mos,108,4.3730,4.3900,+0.0170
FAREND SINGLETALK,echo_mos,109,4.3450,4.3450,+0.0000
FAREND SINGLETALK,echo_mos,110,4.3070,4.3020,-0.0050
FAREND SINGLETALK,echo_mos,111,4.5980,4.6220,+0.0240
FAREND SINGLETALK,echo_mos,112,4.7230,4.7350,+0.0120
FAREND SINGLETALK,echo_mos,113,3.6890,3.6980,+0.0090
FAREND SINGLETALK,echo_mos,114,4.4140,4.4170,+0.0030
FAREND SINGLETALK,echo_mos,115,3.6730,3.6760,+0.0030
FAREND SINGLETALK,echo_mos,116,4.0110,4.0060,-0.0050
FAREND SINGLETALK,echo_mos,117,2.1420,2.1410,-0.0010
FAREND SINGLETALK,echo_mos,118,2.1610,2.1790,+0.0180
FAREND SINGLETALK,echo_mos,119,3.1670,3.1740,+0.0070
FAREND SINGLETALK,echo_mos,120,3.6800,3.7830,+0.1030
FAREND SINGLETALK,echo_mos,121,2.3820,2.3690,-0.0130
FAREND SINGLETALK,echo_mos,122,2.9850,3.0250,+0.0400
FAREND SINGLETALK,echo_mos,123,4.1020,4.1130,+0.0110
FAREND SINGLETALK,echo_mos,124,4.1170,4.1260,+0.0090
FAREND SINGLETALK,echo_mos,125,4.1500,4.1500,+0.0000
FAREND SINGLETALK,echo_mos,126,4.1440,4.1540,+0.0100
FAREND SINGLETALK,echo_mos,127,4.0850,4.0960,+0.0110
FAREND SINGLETALK,echo_mos,128,3.1720,3.2170,+0.0450
FAREND SINGLETALK,echo_mos,129,4.0830,4.0900,+0.0070
FAREND SINGLETALK,echo_mos,130,4.4390,4.4450,+0.0060
FAREND SINGLETALK,echo_mos,131,3.2770,3.2700,-0.0070
FAREND SINGLETALK,echo_mos,132,4.3460,4.3720,+0.0260
FAREND SINGLETALK,echo_mos,133,2.0000,1.9990,-0.0010
FAREND SINGLETALK,echo_mos,134,4.0120,3.9970,-0.0150
FAREND SINGLETALK,echo_mos,135,3.7770,3.7370,-0.0400
FAREND SINGLETALK,echo_mos,136,3.6410,3.8300,+0.1890
FAREND SINGLETALK,echo_mos,137,3.5250,3.5440,+0.0190
FAREND SINGLETALK,echo_mos,138,2.8340,2.8340,+0.0000
FAREND SINGLETALK,echo_mos,139,2.7520,2.7580,+0.0060
FAREND SINGLETALK,echo_mos,140,2.6660,2.6700,+0.0040
FAREND SINGLETALK,echo_mos,141,4.1480,4.1580,+0.0100
FAREND SINGLETALK,echo_mos,142,4.0870,4.0950,+0.0080
FAREND SINGLETALK,echo_mos,143,4.4860,4.5020,+0.0160
FAREND SINGLETALK,echo_mos,144,2.4170,2.4180,+0.0010
FAREND SINGLETALK,echo_mos,145,2.8700,2.8750,+0.0050
FAREND SINGLETALK,echo_mos,146,4.5980,4.6140,+0.0160
FAREND SINGLETALK,echo_mos,147,2.9820,3.0330,+0.0510
FAREND SINGLETALK,echo_mos,148,2.7990,2.7890,-0.0100
FAREND SINGLETALK,echo_mos,149,2.0630,2.0700,+0.0070
FAREND SINGLETALK,echo_mos,150,3.9530,3.9740,+0.0210
FAREND SINGLETALK,echo_mos,151,2.1250,2.0840,-0.0410
FAREND SINGLETALK,echo_mos,152,3.0430,3.0480,+0.0050
FAREND SINGLETALK,echo_mos,153,1.7860,1.7860,+0.0000
FAREND SINGLETALK,echo_mos,154,3.1760,3.1700,-0.0060
FAREND SINGLETALK,echo_mos,155,3.3750,3.3580,-0.0170
FAREND SINGLETALK,echo_mos,156,4.2690,4.2770,+0.0080
FAREND SINGLETALK,echo_mos,157,4.1940,4.2080,+0.0140
FAREND SINGLETALK,echo_mos,158,4.2120,4.2090,-0.0030
FAREND SINGLETALK,echo_mos,159,2.1140,2.1050,-0.0090
FAREND SINGLETALK,echo_mos,160,2.0120,2.0140,+0.0020
FAREND SINGLETALK,echo_mos,161,4.0880,4.0850,-0.0030
FAREND SINGLETALK,echo_mos,162,4.2630,4.2590,-0.0040
FAREND SINGLETALK,echo_mos,163,4.0950,4.1090,+0.0140
FAREND SINGLETALK,echo_mos,164,3.3650,3.3850,+0.0200
FAREND SINGLETALK,echo_mos,165,4.3710,4.3810,+0.0100
FAREND SINGLETALK,echo_mos,166,4.0910,4.1120,+0.0210
FAREND SINGLETALK,echo_mos,167,2.6580,2.6910,+0.0330
FAREND SINGLETALK,echo_mos,168,2.9800,2.9780,-0.0020
FAREND SINGLETALK,echo_mos,169,4.1570,4.1550,-0.0020
FAREND SINGLETALK,echo_mos,170,4.0290,4.0320,+0.0030
FAREND SINGLETALK,echo_mos,171,3.6510,3.6920,+0.0410
FAREND SINGLETALK,echo_mos,172,3.7900,3.7830,-0.0070
FAREND SINGLETALK,echo_mos,173,2.7350,2.7230,-0.0120
FAREND SINGLETALK,echo_mos,174,4.1230,4.1080,-0.0150
FAREND SINGLETALK,echo_mos,175,4.2520,4.2480,-0.0040
FAREND SINGLETALK,echo_mos,176,4.1320,4.1300,-0.0020
FAREND SINGLETALK,echo_mos,177,4.1200,4.1180,-0.0020
FAREND SINGLETALK,echo_mos,178,4.0780,4.0620,-0.0160
FAREND SINGLETALK,echo_mos,179,4.2120,4.2310,+0.0190
FAREND SINGLETALK,echo_mos,180,4.3510,4.3400,-0.0110
FAREND SINGLETALK,echo_mos,181,2.0230,2.0220,-0.0010
FAREND SINGLETALK,echo_mos,182,3.3210,3.3040,-0.0170
FAREND SINGLETALK,echo_mos,183,4.1230,4.0990,-0.0240
FAREND SINGLETALK,echo_mos,184,3.8830,3.9070,+0.0240
FAREND SINGLETALK,echo_mos,185,2.1210,2.1240,+0.0030
FAREND SINGLETALK,echo_mos,186,2.2330,2.2320,-0.0010
FAREND SINGLETALK,echo_mos,187,4.3690,4.3700,+0.0010
FAREND SINGLETALK,echo_mos,188,3.5250,3.4990,-0.0260
FAREND SINGLETALK,echo_mos,189,4.4670,4.4670,+0.0000
FAREND SINGLETALK,echo_mos,190,2.9380,2.8930,-0.0450
FAREND SINGLETALK,echo_mos,191,4.2690,4.2800,+0.0110
FAREND SINGLETALK,echo_mos,192,4.5360,4.5380,+0.0020
FAREND SINGLETALK,echo_mos,193,4.0850,4.0900,+0.0050
FAREND SINGLETALK,echo_mos,194,3.4380,3.3390,-0.0990
FAREND SINGLETALK,echo_mos,195,4.4760,4.4850,+0.0090
FAREND SINGLETALK,echo_mos,196,3.6800,3.6860,+0.0060
FAREND SINGLETALK,echo_mos,197,4.0710,4.0510,-0.0200
FAREND SINGLETALK,echo_mos,198,4.4700,4.4710,+0.0010
FAREND SINGLETALK,echo_mos,199,4.0440,4.0400,-0.0040
FAREND SINGLETALK,echo_mos,200,3.3430,3.3730,+0.0300
FAREND SINGLETALK,echo_mos,201,4.0380,4.0360,-0.0020
FAREND SINGLETALK,echo_mos,202,2.1650,2.1630,-0.0020
FAREND SINGLETALK,echo_mos,203,2.2940,2.2970,+0.0030
FAREND SINGLETALK,echo_mos,204,2.6160,2.5820,-0.0340
FAREND SINGLETALK,echo_mos,205,3.0290,3.0180,-0.0110
FAREND SINGLETALK,echo_mos,206,2.8370,2.8080,-0.0290
FAREND SINGLETALK,echo_mos,207,3.8090,3.8220,+0.0130
FAREND SINGLETALK,echo_mos,208,2.2310,2.2470,+0.0160
FAREND SINGLETALK,echo_mos,209,3.2950,3.2980,+0.0030
FAREND SINGLETALK,echo_mos,210,4.0750,4.0800,+0.0050
FAREND SINGLETALK,echo_mos,211,3.1300,3.1330,+0.0030
FAREND SINGLETALK,echo_mos,212,4.5390,4.5590,+0.0200
FAREND SINGLETALK,echo_mos,213,2.7220,2.6680,-0.0540
FAREND SINGLETALK,echo_mos,214,1.6240,1.6280,+0.0040
FAREND SINGLETALK,echo_mos,215,1.9630,1.9580,-0.0050
FAREND SINGLETALK,echo_mos,216,2.1610,2.1540,-0.0070
FAREND SINGLETALK,echo_mos,217,3.6760,3.6660,-0.0100
FAREND SINGLETALK,echo_mos,218,4.5440,4.5290,-0.0150
FAREND SINGLETALK,echo_mos,219,4.6480,4.6390,-0.0090
FAREND SINGLETALK,echo_mos,220,4.0440,4.0850,+0.0410
FAREND SINGLETALK,echo_mos,221,3.8740,3.8150,-0.0590
FAREND SINGLETALK,echo_mos,222,3.6410,3.6340,-0.0070
FAREND SINGLETALK,echo_mos,223,3.3710,3.3550,-0.0160
FAREND SINGLETALK,echo_mos,224,3.2050,3.1890,-0.0160
FAREND SINGLETALK,echo_mos,225,2.3280,2.3280,+0.0000
FAREND SINGLETALK,echo_mos,226,3.1320,3.1170,-0.0150
FAREND SINGLETALK,echo_mos,227,4.2010,4.2210,+0.0200
FAREND SINGLETALK,echo_mos,228,2.3230,2.3400,+0.0170
FAREND SINGLETALK,echo_mos,229,2.6290,2.5680,-0.0610
FAREND SINGLETALK,echo_mos,230,4.5210,4.5250,+0.0040
FAREND SINGLETALK,echo_mos,231,2.0400,2.0270,-0.0130
FAREND SINGLETALK,echo_mos,232,3.0800,3.1030,+0.0230
FAREND SINGLETALK,echo_mos,233,3.5050,3.5190,+0.0140
FAREND SINGLETALK,echo_mos,234,2.4390,2.4380,-0.0010
FAREND SINGLETALK,echo_mos,235,4.5160,4.5140,-0.0020
FAREND SINGLETALK,echo_mos,236,4.1300,4.1240,-0.0060
FAREND SINGLETALK,echo_mos,237,4.0030,3.9940,-0.0090
FAREND SINGLETALK,echo_mos,238,4.2610,4.2500,-0.0110
FAREND SINGLETALK,echo_mos,239,3.9650,3.9690,+0.0040
FAREND SINGLETALK,echo_mos,240,2.7480,2.7590,+0.0110
FAREND SINGLETALK,echo_mos,241,3.1320,3.1040,-0.0280
FAREND SINGLETALK,echo_mos,242,3.6470,3.5920,-0.0550
FAREND SINGLETALK,echo_mos,243,2.7560,2.7620,+0.0060
FAREND SINGLETALK,echo_mos,244,4.2430,4.2370,-0.0060
FAREND SINGLETALK,echo_mos,245,2.8460,2.8660,+0.0200
FAREND SINGLETALK,echo_mos,246,4.2480,4.2500,+0.0020
FAREND SINGLETALK,echo_mos,247,3.2740,3.2530,-0.0210
FAREND SINGLETALK,echo_mos,248,4.4890,4.4890,+0.0000
FAREND SINGLETALK,echo_mos,249,4.3480,4.3500,+0.0020
FAREND SINGLETALK,echo_mos,250,3.9040,3.8830,-0.0210
FAREND SINGLETALK,echo_mos,251,4.0020,4.0040,+0.0020
FAREND SINGLETALK,echo_mos,252,4.6730,4.6740,+0.0010
FAREND SINGLETALK,echo_mos,253,4.4840,4.4910,+0.0070
FAREND SINGLETALK,echo_mos,254,3.0900,3.0670,-0.0230
FAREND SINGLETALK,echo_mos,255,4.2360,4.2140,-0.0220
FAREND SINGLETALK,echo_mos,256,3.3630,3.3330,-0.0300
FAREND SINGLETALK,echo_mos,257,4.3630,4.3710,+0.0080
FAREND SINGLETALK,echo_mos,258,3.1610,3.0730,-0.0880
FAREND SINGLETALK,echo_mos,259,2.2660,2.2390,-0.0270
FAREND SINGLETALK,echo_mos,260,4.3430,4.3560,+0.0130
FAREND SINGLETALK,echo_mos,261,2.1660,2.1670,+0.0010
FAREND SINGLETALK,echo_mos,262,3.3780,3.3770,-0.0010
FAREND SINGLETALK,echo_mos,263,4.4420,4.4470,+0.0050
FAREND SINGLETALK,echo_mos,264,3.9010,3.9150,+0.0140
FAREND SINGLETALK,echo_mos,265,3.7350,3.5970,-0.1380
FAREND SINGLETALK,echo_mos,266,4.0730,4.0980,+0.0250
FAREND SINGLETALK,echo_mos,267,4.3500,4.3740,+0.0240
FAREND SINGLETALK,echo_mos,268,3.0080,3.0060,-0.0020
FAREND SINGLETALK,echo_mos,269,2.4420,2.4730,+0.0310
FAREND SINGLETALK,echo_mos,270,2.8100,2.8320,+0.0220
FAREND SINGLETALK,echo_mos,271,2.1130,2.1130,+0.0000
FAREND SINGLETALK,echo_mos,272,2.5600,2.5750,+0.0150
FAREND SINGLETALK,echo_mos,273,2.6040,2.5990,-0.0050
FAREND SINGLETALK,echo_mos,274,2.9340,2.8990,-0.0350
FAREND SINGLETALK,echo_mos,275,4.3210,4.2970,-0.0240
FAREND SINGLETALK,echo_mos,276,2.5950,2.5950,+0.0000
FAREND SINGLETALK,echo_mos,277,2.9310,2.9620,+0.0310
FAREND SINGLETALK,echo_mos,278,4.0650,4.0770,+0.0120
FAREND SINGLETALK,echo_mos,279,4.3450,4.3320,-0.0130
FAREND SINGLETALK,echo_mos,280,3.0170,3.0250,+0.0080
FAREND SINGLETALK,echo_mos,281,4.4090,4.4090,+0.0000
FAREND SINGLETALK,echo_mos,282,4.1210,4.1690,+0.0480
FAREND SINGLETALK,echo_mos,283,1.9370,1.9370,+0.0000
FAREND SINGLETALK,echo_mos,284,4.1930,4.2210,+0.0280
FAREND SINGLETALK,echo_mos,285,2.7380,2.7150,-0.0230
FAREND SINGLETALK,echo_mos,286,3.3920,3.4190,+0.0270
FAREND SINGLETALK,echo_mos,287,4.1150,4.1140,-0.0010
FAREND SINGLETALK,echo_mos,288,3.1470,3.1430,-0.0040
FAREND SINGLETALK,echo_mos,289,2.7700,2.7320,-0.0380
FAREND SINGLETALK,echo_mos,290,4.2940,4.2990,+0.0050
FAREND SINGLETALK,echo_mos,291,2.9320,2.8970,-0.0350
FAREND SINGLETALK,echo_mos,292,4.4960,4.4920,-0.0040
FAREND SINGLETALK,echo_mos,293,4.2980,4.3110,+0.0130
FAREND SINGLETALK,echo_mos,294,4.4870,4.4970,+0.0100
FAREND SINGLETALK,echo_mos,295,2.1120,2.1130,+0.0010
FAREND SINGLETALK,echo_mos,296,3.2770,3.2630,-0.0140
FAREND SINGLETALK,echo_mos,297,3.4710,3.5200,+0.0490
FAREND SINGLETALK,echo_mos,298,4.4350,4.4200,-0.0150
FAREND SINGLETALK,echo_mos,299,4.4370,4.4270,-0.0100
FAREND SINGLETALK,deg_mos,0,4.9990,4.9990,+0.0000
FAREND SINGLETALK,deg_mos,1,4.9990,4.9990,+0.0000
FAREND SINGLETALK,deg_mos,2,5.0000,5.0000,+0.0000
FAREND SINGLETALK,deg_mos,3,4.9990,4.9990,+0.0000
FAREND SINGLETALK,deg_mos,4,4.9990,4.9990,+0.0000
FAREND SINGLETALK,deg_mos,5,4.9990,4.9990,+0.0000
FAREND SINGLETALK,deg_mos,6,5.0000,5.0000,+0.0000
FAREND SINGLETALK,deg_mos,7,5.0000,5.0000,+0.0000
FAREND SINGLETALK,deg_mos,8,4.9980,4.9980,+0.0000
FAREND SINGLETALK,deg_mos,9,5.0000,5.0000,+0.0000
FAREND SINGLETALK,deg_mos,10,5.0000,5.0000,+0.0000
FAREND SINGLETALK,deg_mos,11,5.0000,5.0000,+0.0000
FAREND SINGLETALK,deg_mos,12,4.9980,4.9980,+0.0000
FAREND SINGLETALK,deg_mos,13,5.0000,5.0000,+0.0000
FAREND SINGLETALK,deg_mos,14,5.0000,5.0000,+0.0000
FAREND SINGLETALK,deg_mos,15,4.9990,4.9990,+0.0000
FAREND SINGLETALK,deg_mos,16,5.0000,5.0000,+0.0000
FAREND SINGLETALK,deg_mos,17,5.0000,4.9990,-0.0010
FAREND SINGLETALK,deg_mos,18,5.0000,5.0000,+0.0000
FAREND SINGLETALK,deg_mos,19,5.0000,5.0000,+0.0000
FAREND SINGLETALK,deg_mos,20,5.0000,5.0000,+0.0000
FAREND SINGLETALK,deg_mos,21,5.0000,5.0000,+0.0000
FAREND SINGLETALK,deg_mos,22,5.0000,5.0000,+0.0000
FAREND SINGLETALK,deg_mos,23,4.9990,4.9990,+0.0000
FAREND SINGLETALK,deg_mos,24,5.0000,5.0000,+0.0000
FAREND SINGLETALK,deg_mos,25,4.9990,4.9990,+0.0000
FAREND SINGLETALK,deg_mos,26,5.0000,5.0000,+0.0000
FAREND SINGLETALK,deg_mos,27,4.9990,4.9990,+0.0000
FAREND SINGLETALK,deg_mos,28,4.9990,4.9990,+0.0000
FAREND SINGLETALK,deg_mos,29,5.0000,5.0000,+0.0000
FAREND SINGLETALK,deg_mos,30,5.0000,5.0000,+0.0000
FAREND SINGLETALK,deg_mos,31,5.0000,5.0000,+0.0000
FAREND SINGLETALK,deg_mos,32,4.9990,4.9990,+0.0000
FAREND SINGLETALK,deg_mos,33,4.9990,4.9990,+0.0000
FAREND SINGLETALK,deg_mos,34,5.0000,5.0000,+0.0000
FAREND SINGLETALK,deg_mos,35,4.9990,4.9990,+0.0000
FAREND SINGLETALK,deg_mos,36,5.0000,5.0000,+0.0000
FAREND SINGLETALK,deg_mos,37,5.0000,5.0000,+0.0000
FAREND SINGLETALK,deg_mos,38,5.0000,5.0000,+0.0000
FAREND SINGLETALK,deg_mos,39,4.9990,4.9990,+0.0000
FAREND SINGLETALK,deg_mos,40,5.0000,5.0000,+0.0000
FAREND SINGLETALK,deg_mos,41,5.0000,5.0000,+0.0000
FAREND SINGLETALK,deg_mos,42,5.0000,5.0000,+0.0000
FAREND SINGLETALK,deg_mos,43,5.0000,5.0000,+0.0000
FAREND SINGLETALK,deg_mos,44,5.0000,5.0000,+0.0000
FAREND SINGLETALK,deg_mos,45,4.9990,4.9990,+0.0000
FAREND SINGLETALK,deg_mos,46,4.9990,4.9990,+0.0000
FAREND SINGLETALK,deg_mos,47,4.9990,4.9990,+0.0000
FAREND SINGLETALK,deg_mos,48,4.9980,4.9980,+0.0000
FAREND SINGLETALK,deg_mos,49,5.0000,5.0000,+0.0000
FAREND SINGLETALK,deg_mos,50,5.0000,5.0000,+0.0000
FAREND SINGLETALK,deg_mos,51,4.9990,4.9990,+0.0000
FAREND SINGLETALK,deg_mos,52,5.0000,5.0000,+0.0000
FAREND SINGLETALK,deg_mos,53,4.9980,4.9980,+0.0000
FAREND SINGLETALK,deg_mos,54,5.0000,5.0000,+0.0000
FAREND SINGLETALK,deg_mos,55,5.0000,5.0000,+0.0000
FAREND SINGLETALK,deg_mos,56,5.0000,5.0000,+0.0000
FAREND SINGLETALK,deg_mos,57,5.0000,5.0000,+0.0000
FAREND SINGLETALK,deg_mos,58,5.0000,5.0000,+0.0000
FAREND SINGLETALK,deg_mos,59,4.9990,4.9990,+0.0000
FAREND SINGLETALK,deg_mos,60,4.9990,4.9990,+0.0000
FAREND SINGLETALK,deg_mos,61,4.9990,4.9990,+0.0000
FAREND SINGLETALK,deg_mos,62,5.0000,5.0000,+0.0000
FAREND SINGLETALK,deg_mos,63,5.0000,5.0000,+0.0000
FAREND SINGLETALK,deg_mos,64,5.0000,5.0000,+0.0000
FAREND SINGLETALK,deg_mos,65,4.9990,4.9990,+0.0000
FAREND SINGLETALK,deg_mos,66,4.9990,4.9990,+0.0000
FAREND SINGLETALK,deg_mos,67,5.0000,4.9990,-0.0010
FAREND SINGLETALK,deg_mos,68,5.0000,5.0000,+0.0000
FAREND SINGLETALK,deg_mos,69,4.9990,4.9990,+0.0000
FAREND SINGLETALK,deg_mos,70,4.9990,4.9990,+0.0000
FAREND SINGLETALK,deg_mos,71,4.9990,4.9990,+0.0000
FAREND SINGLETALK,deg_mos,72,5.0000,5.0000,+0.0000
FAREND SINGLETALK,deg_mos,73,5.0000,4.9990,-0.0010
FAREND SINGLETALK,deg_mos,74,5.0000,5.0000,+0.0000
FAREND SINGLETALK,deg_mos,75,5.0000,5.0000,+0.0000
FAREND SINGLETALK,deg_mos,76,5.0000,5.0000,+0.0000
FAREND SINGLETALK,deg_mos,77,4.9990,4.9990,+0.0000
FAREND SINGLETALK,deg_mos,78,4.9990,4.9990,+0.0000
FAREND SINGLETALK,deg_mos,79,5.0000,5.0000,+0.0000
FAREND SINGLETALK,deg_mos,80,4.9990,4.9990,+0.0000
FAREND SINGLETALK,deg_mos,81,4.9990,4.9990,+0.0000
FAREND SINGLETALK,deg_mos,82,4.9990,4.9990,+0.0000
FAREND SINGLETALK,deg_mos,83,4.9990,4.9990,+0.0000
FAREND SINGLETALK,deg_mos,84,5.0000,5.0000,+0.0000
FAREND SINGLETALK,deg_mos,85,4.9990,4.9990,+0.0000
FAREND SINGLETALK,deg_mos,86,5.0000,5.0000,+0.0000
FAREND SINGLETALK,deg_mos,87,5.0000,5.0000,+0.0000
FAREND SINGLETALK,deg_mos,88,4.9990,4.9990,+0.0000
FAREND SINGLETALK,deg_mos,89,4.9980,4.9980,+0.0000
FAREND SINGLETALK,deg_mos,90,4.9990,4.9990,+0.0000
FAREND SINGLETALK,deg_mos,91,5.0000,5.0000,+0.0000
FAREND SINGLETALK,deg_mos,92,4.9990,4.9990,+0.0000
FAREND SINGLETALK,deg_mos,93,4.9990,4.9990,+0.0000
FAREND SINGLETALK,deg_mos,94,5.0000,5.0000,+0.0000
FAREND SINGLETALK,deg_mos,95,5.0000,5.0000,+0.0000
FAREND SINGLETALK,deg_mos,96,4.9980,4.9980,+0.0000
FAREND SINGLETALK,deg_mos,97,5.0000,5.0000,+0.0000
FAREND SINGLETALK,deg_mos,98,4.9990,4.9990,+0.0000
FAREND SINGLETALK,deg_mos,99,5.0000,5.0000,+0.0000
FAREND SINGLETALK,deg_mos,100,5.0000,5.0000,+0.0000
FAREND SINGLETALK,deg_mos,101,4.9990,4.9990,+0.0000
FAREND SINGLETALK,deg_mos,102,4.9990,4.9990,+0.0000
FAREND SINGLETALK,deg_mos,103,4.9990,4.9990,+0.0000
FAREND SINGLETALK,deg_mos,104,5.0000,5.0000,+0.0000
FAREND SINGLETALK,deg_mos,105,4.9990,4.9990,+0.0000
FAREND SINGLETALK,deg_mos,106,5.0000,5.0000,+0.0000
FAREND SINGLETALK,deg_mos,107,5.0000,5.0000,+0.0000
FAREND SINGLETALK,deg_mos,108,4.9990,4.9990,+0.0000
FAREND SINGLETALK,deg_mos,109,4.9990,4.9990,+0.0000
FAREND SINGLETALK,deg_mos,110,4.9980,4.9980,+0.0000
FAREND SINGLETALK,deg_mos,111,4.9990,4.9990,+0.0000
FAREND SINGLETALK,deg_mos,112,5.0000,5.0000,+0.0000
FAREND SINGLETALK,deg_mos,113,5.0000,5.0000,+0.0000
FAREND SINGLETALK,deg_mos,114,4.9990,4.9990,+0.0000
FAREND SINGLETALK,deg_mos,115,5.0000,5.0000,+0.0000
FAREND SINGLETALK,deg_mos,116,4.9990,4.9990,+0.0000
FAREND SINGLETALK,deg_mos,117,5.0000,5.0000,+0.0000
FAREND SINGLETALK,deg_mos,118,5.0000,5.0000,+0.0000
FAREND SINGLETALK,deg_mos,119,5.0000,5.0000,+0.0000
FAREND SINGLETALK,deg_mos,120,5.0000,5.0000,+0.0000
FAREND SINGLETALK,deg_mos,121,5.0000,5.0000,+0.0000
FAREND SINGLETALK,deg_mos,122,5.0000,5.0000,+0.0000
FAREND SINGLETALK,deg_mos,123,4.9990,4.9990,+0.0000
FAREND SINGLETALK,deg_mos,124,4.9990,4.9990,+0.0000
FAREND SINGLETALK,deg_mos,125,4.9990,4.9990,+0.0000
FAREND SINGLETALK,deg_mos,126,4.9990,4.9990,+0.0000
FAREND SINGLETALK,deg_mos,127,4.9990,4.9990,+0.0000
FAREND SINGLETALK,deg_mos,128,5.0000,5.0000,+0.0000
FAREND SINGLETALK,deg_mos,129,4.9970,4.9970,+0.0000
FAREND SINGLETALK,deg_mos,130,4.9990,4.9990,+0.0000
FAREND SINGLETALK,deg_mos,131,4.9990,4.9990,+0.0000
FAREND SINGLETALK,deg_mos,132,4.9990,4.9990,+0.0000
FAREND SINGLETALK,deg_mos,133,5.0000,5.0000,+0.0000
FAREND SINGLETALK,deg_mos,134,4.9980,4.9990,+0.0010
FAREND SINGLETALK,deg_mos,135,5.0000,5.0000,+0.0000
FAREND SINGLETALK,deg_mos,136,5.0000,5.0000,+0.0000
FAREND SINGLETALK,deg_mos,137,4.9990,4.9990,+0.0000
FAREND SINGLETALK,deg_mos,138,5.0000,5.0000,+0.0000
FAREND SINGLETALK,deg_mos,139,5.0000,5.0000,+0.0000
FAREND SINGLETALK,deg_mos,140,5.0000,5.0000,+0.0000
FAREND SINGLETALK,deg_mos,141,4.9990,4.9990,+0.0000
FAREND SINGLETALK,deg_mos,142,4.9980,4.9980,+0.0000
FAREND SINGLETALK,deg_mos,143,4.9990,4.9990,+0.0000
FAREND SINGLETALK,deg_mos,144,5.0000,5.0000,+0.0000
FAREND SINGLETALK,deg_mos,145,5.0000,5.0000,+0.0000
FAREND SINGLETALK,deg_mos,146,4.9990,4.9990,+0.0000
FAREND SINGLETALK,deg_mos,147,5.0000,5.0000,+0.0000
FAREND SINGLETALK,deg_mos,148,5.0000,5.0000,+0.0000
FAREND SINGLETALK,deg_mos,149,5.0000,5.0000,+0.0000
FAREND SINGLETALK,deg_mos,150,4.9990,4.9990,+0.0000
FAREND SINGLETALK,deg_mos,151,5.0000,5.0000,+0.0000
FAREND SINGLETALK,deg_mos,152,4.9990,4.9990,+0.0000
FAREND SINGLETALK,deg_mos,153,5.0000,5.0000,+0.0000
FAREND SINGLETALK,deg_mos,154,5.0000,5.0000,+0.0000
FAREND SINGLETALK,deg_mos,155,5.0000,5.0000,+0.0000
FAREND SINGLETALK,deg_mos,156,4.9990,4.9990,+0.0000
FAREND SINGLETALK,deg_mos,157,4.9990,4.9990,+0.0000
FAREND SINGLETALK,deg_mos,158,4.9990,4.9990,+0.0000
FAREND SINGLETALK,deg_mos,159,5.0000,5.0000,+0.0000
FAREND SINGLETALK,deg_mos,160,5.0000,5.0000,+0.0000
FAREND SINGLETALK,deg_mos,161,4.9990,4.9990,+0.0000
FAREND SINGLETALK,deg_mos,162,4.9990,4.9990,+0.0000
FAREND SINGLETALK,deg_mos,163,4.9990,4.9990,+0.0000
FAREND SINGLETALK,deg_mos,164,5.0000,5.0000,+0.0000
FAREND SINGLETALK,deg_mos,165,4.9990,4.9990,+0.0000
FAREND SINGLETALK,deg_mos,166,4.9990,4.9990,+0.0000
FAREND SINGLETALK,deg_mos,167,5.0000,5.0000,+0.0000
FAREND SINGLETALK,deg_mos,168,5.0000,5.0000,+0.0000
FAREND SINGLETALK,deg_mos,169,4.9980,4.9980,+0.0000
FAREND SINGLETALK,deg_mos,170,4.9990,4.9990,+0.0000
FAREND SINGLETALK,deg_mos,171,4.9990,4.9990,+0.0000
FAREND SINGLETALK,deg_mos,172,5.0000,5.0000,+0.0000
FAREND SINGLETALK,deg_mos,173,5.0000,5.0000,+0.0000
FAREND SINGLETALK,deg_mos,174,4.9980,4.9980,+0.0000
FAREND SINGLETALK,deg_mos,175,4.9990,4.9990,+0.0000
FAREND SINGLETALK,deg_mos,176,4.9980,4.9980,+0.0000
FAREND SINGLETALK,deg_mos,177,4.9980,4.9980,+0.0000
FAREND SINGLETALK,deg_mos,178,5.0000,5.0000,+0.0000
FAREND SINGLETALK,deg_mos,179,4.9980,4.9980,+0.0000
FAREND SINGLETALK,deg_mos,180,4.9990,4.9990,+0.0000
FAREND SINGLETALK,deg_mos,181,5.0000,5.0000,+0.0000
FAREND SINGLETALK,deg_mos,182,5.0000,5.0000,+0.0000
FAREND SINGLETALK,deg_mos,183,4.9990,4.9990,+0.0000
FAREND SINGLETALK,deg_mos,184,4.9990,4.9990,+0.0000
FAREND SINGLETALK,deg_mos,185,5.0000,5.0000,+0.0000
FAREND SINGLETALK,deg_mos,186,5.0000,5.0000,+0.0000
FAREND SINGLETALK,deg_mos,187,4.9990,4.9990,+0.0000
FAREND SINGLETALK,deg_mos,188,4.9990,5.0000,+0.0010
FAREND SINGLETALK,deg_mos,189,4.9990,4.9990,+0.0000
FAREND SINGLETALK,deg_mos,190,5.0000,5.0000,+0.0000
FAREND SINGLETALK,deg_mos,191,4.9980,4.9980,+0.0000
FAREND SINGLETALK,deg_mos,192,4.9990,4.9990,+0.0000
FAREND SINGLETALK,deg_mos,193,4.9980,4.9980,+0.0000
FAREND SINGLETALK,deg_mos,194,4.9990,4.9990,+0.0000
FAREND SINGLETALK,deg_mos,195,4.9990,4.9990,+0.0000
FAREND SINGLETALK,deg_mos,196,4.9980,4.9980,+0.0000
FAREND SINGLETALK,deg_mos,197,4.9980,4.9980,+0.0000
FAREND SINGLETALK,deg_mos,198,4.9990,4.9990,+0.0000
FAREND SINGLETALK,deg_mos,199,4.9980,4.9980,+0.0000
FAREND SINGLETALK,deg_mos,200,5.0000,5.0000,+0.0000
FAREND SINGLETALK,deg_mos,201,4.9980,4.9980,+0.0000
FAREND SINGLETALK,deg_mos,202,5.0000,5.0000,+0.0000
FAREND SINGLETALK,deg_mos,203,5.0000,5.0000,+0.0000
FAREND SINGLETALK,deg_mos,204,5.0000,5.0000,+0.0000
FAREND SINGLETALK,deg_mos,205,5.0000,5.0000,+0.0000
FAREND SINGLETALK,deg_mos,206,5.0000,5.0000,+0.0000
FAREND SINGLETALK,deg_mos,207,4.9990,4.9990,+0.0000
FAREND SINGLETALK,deg_mos,208,5.0000,5.0000,+0.0000
FAREND SINGLETALK,deg_mos,209,5.0000,5.0000,+0.0000
FAREND SINGLETALK,deg_mos,210,5.0000,4.9990,-0.0010
FAREND SINGLETALK,deg_mos,211,5.0000,5.0000,+0.0000
FAREND SINGLETALK,deg_mos,212,4.9990,4.9990,+0.0000
FAREND SINGLETALK,deg_mos,213,5.0000,5.0000,+0.0000
FAREND SINGLETALK,deg_mos,214,5.0000,5.0000,+0.0000
FAREND SINGLETALK,deg_mos,215,5.0000,5.0000,+0.0000
FAREND SINGLETALK,deg_mos,216,5.0000,5.0000,+0.0000
FAREND SINGLETALK,deg_mos,217,4.9990,4.9990,+0.0000
FAREND SINGLETALK,deg_mos,218,4.9990,4.9990,+0.0000
FAREND SINGLETALK,deg_mos,219,5.0000,5.0000,+0.0000
FAREND SINGLETALK,deg_mos,220,4.9990,4.9990,+0.0000
FAREND SINGLETALK,deg_mos,221,5.0000,5.0000,+0.0000
FAREND SINGLETALK,deg_mos,222,5.0000,5.0000,+0.0000
FAREND SINGLETALK,deg_mos,223,5.0000,5.0000,+0.0000
FAREND SINGLETALK,deg_mos,224,5.0000,5.0000,+0.0000
FAREND SINGLETALK,deg_mos,225,5.0000,5.0000,+0.0000
FAREND SINGLETALK,deg_mos,226,5.0000,5.0000,+0.0000
FAREND SINGLETALK,deg_mos,227,4.9990,4.9990,+0.0000
FAREND SINGLETALK,deg_mos,228,5.0000,5.0000,+0.0000
FAREND SINGLETALK,deg_mos,229,5.0000,5.0000,+0.0000
FAREND SINGLETALK,deg_mos,230,4.9990,4.9990,+0.0000
FAREND SINGLETALK,deg_mos,231,5.0000,5.0000,+0.0000
FAREND SINGLETALK,deg_mos,232,5.0000,5.0000,+0.0000
FAREND SINGLETALK,deg_mos,233,5.0000,5.0000,+0.0000
FAREND SINGLETALK,deg_mos,234,5.0000,5.0000,+0.0000
FAREND SINGLETALK,deg_mos,235,4.9990,4.9990,+0.0000
FAREND SINGLETALK,deg_mos,236,4.9990,4.9990,+0.0000
FAREND SINGLETALK,deg_mos,237,4.9980,4.9980,+0.0000
FAREND SINGLETALK,deg_mos,238,4.9980,4.9980,+0.0000
FAREND SINGLETALK,deg_mos,239,4.9990,4.9990,+0.0000
FAREND SINGLETALK,deg_mos,240,5.0000,5.0000,+0.0000
FAREND SINGLETALK,deg_mos,241,4.9990,4.9990,+0.0000
FAREND SINGLETALK,deg_mos,242,5.0000,5.0000,+0.0000
FAREND SINGLETALK,deg_mos,243,5.0000,5.0000,+0.0000
FAREND SINGLETALK,deg_mos,244,4.9990,4.9990,+0.0000
FAREND SINGLETALK,deg_mos,245,5.0000,5.0000,+0.0000
FAREND SINGLETALK,deg_mos,246,4.9990,4.9990,+0.0000
FAREND SINGLETALK,deg_mos,247,5.0000,5.0000,+0.0000
FAREND SINGLETALK,deg_mos,248,4.9990,4.9990,+0.0000
FAREND SINGLETALK,deg_mos,249,4.9990,4.9990,+0.0000
FAREND SINGLETALK,deg_mos,250,4.9990,4.9990,+0.0000
FAREND SINGLETALK,deg_mos,251,4.9990,4.9990,+0.0000
FAREND SINGLETALK,deg_mos,252,4.9990,4.9990,+0.0000
FAREND SINGLETALK,deg_mos,253,4.9990,4.9990,+0.0000
FAREND SINGLETALK,deg_mos,254,5.0000,5.0000,+0.0000
FAREND SINGLETALK,deg_mos,255,4.9980,4.9980,+0.0000
FAREND SINGLETALK,deg_mos,256,5.0000,5.0000,+0.0000
FAREND SINGLETALK,deg_mos,257,4.9990,4.9990,+0.0000
FAREND SINGLETALK,deg_mos,258,5.0000,5.0000,+0.0000
FAREND SINGLETALK,deg_mos,259,5.0000,5.0000,+0.0000
FAREND SINGLETALK,deg_mos,260,4.9990,4.9990,+0.0000
FAREND SINGLETALK,deg_mos,261,5.0000,5.0000,+0.0000
FAREND SINGLETALK,deg_mos,262,5.0000,5.0000,+0.0000
FAREND SINGLETALK,deg_mos,263,4.9990,4.9990,+0.0000
FAREND SINGLETALK,deg_mos,264,4.9990,4.9990,+0.0000
FAREND SINGLETALK,deg_mos,265,4.9990,4.9990,+0.0000
FAREND SINGLETALK,deg_mos,266,4.9990,4.9990,+0.0000
FAREND SINGLETALK,deg_mos,267,5.0000,5.0000,+0.0000
FAREND SINGLETALK,deg_mos,268,5.0000,5.0000,+0.0000
FAREND SINGLETALK,deg_mos,269,5.0000,5.0000,+0.0000
FAREND SINGLETALK,deg_mos,270,5.0000,5.0000,+0.0000
FAREND SINGLETALK,deg_mos,271,5.0000,5.0000,+0.0000
FAREND SINGLETALK,deg_mos,272,5.0000,5.0000,+0.0000
FAREND SINGLETALK,deg_mos,273,5.0000,5.0000,+0.0000
FAREND SINGLETALK,deg_mos,274,5.0000,5.0000,+0.0000
FAREND SINGLETALK,deg_mos,275,4.9990,4.9990,+0.0000
FAREND SINGLETALK,deg_mos,276,5.0000,5.0000,+0.0000
FAREND SINGLETALK,deg_mos,277,5.0000,5.0000,+0.0000
FAREND SINGLETALK,deg_mos,278,4.9990,4.9990,+0.0000
FAREND SINGLETALK,deg_mos,279,4.9990,4.9990,+0.0000
FAREND SINGLETALK,deg_mos,280,5.0000,5.0000,+0.0000
FAREND SINGLETALK,deg_mos,281,4.9990,4.9980,-0.0010
FAREND SINGLETALK,deg_mos,282,5.0000,5.0000,+0.0000
FAREND SINGLETALK,deg_mos,283,5.0000,5.0000,+0.0000
FAREND SINGLETALK,deg_mos,284,4.9990,4.9990,+0.0000
FAREND SINGLETALK,deg_mos,285,5.0000,5.0000,+0.0000
FAREND SINGLETALK,deg_mos,286,5.0000,5.0000,+0.0000
FAREND SINGLETALK,deg_mos,287,5.0000,5.0000,+0.0000
FAREND SINGLETALK,deg_mos,288,5.0000,5.0000,+0.0000
FAREND SINGLETALK,deg_mos,289,5.0000,5.0000,+0.0000
FAREND SINGLETALK,deg_mos,290,4.9990,4.9990,+0.0000
NEAREND SINGLETALK,echo_mos,0,5.0000,5.0000,+0.0000
NEAREND SINGLETALK,echo_mos,1,4.9990,4.9990,+0.0000
NEAREND SINGLETALK,echo_mos,2,4.9970,4.9970,+0.0000
NEAREND SINGLETALK,echo_mos,3,4.9980,4.9980,+0.0000
NEAREND SINGLETALK,echo_mos,4,4.9970,4.9970,+0.0000
NEAREND SINGLETALK,echo_mos,5,4.9990,4.9990,+0.0000
NEAREND SINGLETALK,echo_mos,6,4.9990,4.9990,+0.0000
NEAREND SINGLETALK,echo_mos,7,4.9990,4.9990,+0.0000
NEAREND SINGLETALK,echo_mos,8,4.9990,4.9990,+0.0000
NEAREND SINGLETALK,echo_mos,9,4.9980,4.9980,+0.0000
NEAREND SINGLETALK,echo_mos,10,4.9960,4.9960,+0.0000
NEAREND SINGLETALK,echo_mos,11,4.9990,4.9990,+0.0000
NEAREND SINGLETALK,echo_mos,12,4.9970,4.9970,+0.0000
NEAREND SINGLETALK,echo_mos,13,4.9970,4.9970,+0.0000
NEAREND SINGLETALK,echo_mos,14,4.9980,4.9980,+0.0000
NEAREND SINGLETALK,echo_mos,15,4.9990,4.9990,+0.0000
NEAREND SINGLETALK,echo_mos,16,4.9970,4.9970,+0.0000
NEAREND SINGLETALK,echo_mos,17,4.9980,4.9980,+0.0000
NEAREND SINGLETALK,echo_mos,18,4.9980,4.9980,+0.0000
NEAREND SINGLETALK,echo_mos,19,4.9940,4.9940,+0.0000
NEAREND SINGLETALK,echo_mos,20,4.9970,4.9970,+0.0000
NEAREND SINGLETALK,echo_mos,21,5.0000,5.0000,+0.0000
NEAREND SINGLETALK,echo_mos,22,4.9980,4.9980,+0.0000
NEAREND SINGLETALK,echo_mos,23,4.9980,4.9980,+0.0000
NEAREND SINGLETALK,echo_mos,24,4.9970,4.9970,+0.0000
NEAREND SINGLETALK,echo_mos,25,4.9970,4.9970,+0.0000
NEAREND SINGLETALK,echo_mos,26,4.9990,4.9990,+0.0000
NEAREND SINGLETALK,echo_mos,27,4.9990,4.9990,+0.0000
NEAREND SINGLETALK,echo_mos,28,4.9980,4.9980,+0.0000
NEAREND SINGLETALK,echo_mos,29,4.9980,4.9980,+0.0000
NEAREND SINGLETALK,echo_mos,30,5.0000,5.0000,+0.0000
NEAREND SINGLETALK,echo_mos,31,4.9980,4.9980,+0.0000
NEAREND SINGLETALK,echo_mos,32,4.9990,4.9990,+0.0000
NEAREND SINGLETALK,echo_mos,33,4.9990,4.9990,+0.0000
NEAREND SINGLETALK,echo_mos,34,4.9990,4.9990,+0.0000
NEAREND SINGLETALK,echo_mos,35,5.0000,5.0000,+0.0000
NEAREND SINGLETALK,echo_mos,36,4.9980,4.9980,+0.0000
NEAREND SINGLETALK,echo_mos,37,4.9990,4.9990,+0.0000
NEAREND SINGLETALK,echo_mos,38,4.9980,4.9980,+0.0000
NEAREND SINGLETALK,echo_mos,39,4.9980,4.9980,+0.0000
NEAREND SINGLETALK,echo_mos,40,4.9970,4.9970,+0.0000
NEAREND SINGLETALK,echo_mos,41,4.9980,4.9980,+0.0000
NEAREND SINGLETALK,echo_mos,42,4.9960,4.9960,+0.0000
NEAREND SINGLETALK,echo_mos,43,4.9980,4.9980,+0.0000
NEAREND SINGLETALK,echo_mos,44,4.9990,4.9990,+0.0000
NEAREND SINGLETALK,echo_mos,45,4.9960,4.9960,+0.0000
NEAREND SINGLETALK,echo_mos,46,4.9950,4.9950,+0.0000
NEAREND SINGLETALK,echo_mos,47,4.9970,4.9970,+0.0000
NEAREND SINGLETALK,echo_mos,48,4.9980,4.9980,+0.0000
NEAREND SINGLETALK,echo_mos,49,4.9980,4.9980,+0.0000
NEAREND SINGLETALK,echo_mos,50,5.0000,5.0000,+0.0000
NEAREND SINGLETALK,echo_mos,51,4.9990,4.9990,+0.0000
NEAREND SINGLETALK,echo_mos,52,4.9990,4.9990,+0.0000
NEAREND SINGLETALK,echo_mos,53,4.9950,4.9950,+0.0000
NEAREND SINGLETALK,echo_mos,54,4.9990,4.9990,+0.0000
NEAREND SINGLETALK,echo_mos,55,4.9990,4.9990,+0.0000
NEAREND SINGLETALK,echo_mos,56,4.9980,4.9980,+0.0000
NEAREND SINGLETALK,echo_mos,57,4.9990,4.9990,+0.0000
NEAREND SINGLETALK,echo_mos,58,4.9980,4.9980,+0.0000
NEAREND SINGLETALK,echo_mos,59,4.9990,4.9990,+0.0000
NEAREND SINGLETALK,echo_mos,60,4.9980,4.9980,+0.0000
NEAREND SINGLETALK,echo_mos,61,5.0000,5.0000,+0.0000
NEAREND SINGLETALK,echo_mos,62,4.9990,4.9990,+0.0000
NEAREND SINGLETALK,echo_mos,63,4.9970,4.9970,+0.0000
NEAREND SINGLETALK,echo_mos,64,5.0000,5.0000,+0.0000
NEAREND SINGLETALK,echo_mos,65,4.9980,4.9980,+0.0000
NEAREND SINGLETALK,echo_mos,66,4.9990,4.9990,+0.0000
NEAREND SINGLETALK,echo_mos,67,4.9990,4.9990,+0.0000
NEAREND SINGLETALK,echo_mos,68,4.9960,4.9960,+0.0000
NEAREND SINGLETALK,echo_mos,69,4.9980,4.9980,+0.0000
NEAREND SINGLETALK,echo_mos,70,4.9970,4.9970,+0.0000
NEAREND SINGLETALK,echo_mos,71,4.9990,4.9990,+0.0000
NEAREND SINGLETALK,echo_mos,72,4.9990,4.9990,+0.0000
NEAREND SINGLETALK,echo_mos,73,4.9990,4.9990,+0.0000
NEAREND SINGLETALK,echo_mos,74,4.9980,4.9980,+0.0000
NEAREND SINGLETALK,echo_mos,75,4.9980,4.9980,+0.0000
NEAREND SINGLETALK,echo_mos,76,4.9960,4.9960,+0.0000
NEAREND SINGLETALK,echo_mos,77,4.9980,4.9980,+0.0000
NEAREND SINGLETALK,echo_mos,78,5.0000,5.0000,+0.0000
NEAREND SINGLETALK,echo_mos,79,4.9970,4.9970,+0.0000
NEAREND SINGLETALK,echo_mos,80,4.9990,4.9990,+0.0000
NEAREND SINGLETALK,echo_mos,81,4.9990,4.9990,+0.0000
NEAREND SINGLETALK,echo_mos,82,4.9960,4.9960,+0.0000
NEAREND SINGLETALK,echo_mos,83,5.0000,5.0000,+0.0000
NEAREND SINGLETALK,echo_mos,84,4.9990,4.9990,+0.0000
NEAREND SINGLETALK,echo_mos,85,4.9990,4.9990,+0.0000
NEAREND SINGLETALK,echo_mos,86,4.9980,4.9980,+0.0000
NEAREND SINGLETALK,echo_mos,87,4.9950,4.9950,+0.0000
NEAREND SINGLETALK,echo_mos,88,4.9990,4.9990,+0.0000
NEAREND SINGLETALK,echo_mos,89,4.9980,4.9980,+0.0000
NEAREND SINGLETALK,echo_mos,90,4.9970,4.9970,+0.0000
NEAREND SINGLETALK,echo_mos,91,4.9980,4.9980,+0.0000
NEAREND SINGLETALK,echo_mos,92,4.9990,4.9990,+0.0000
NEAREND SINGLETALK,echo_mos,93,4.9980,4.9980,+0.0000
NEAREND SINGLETALK,echo_mos,94,4.9940,4.9940,+0.0000
NEAREND SINGLETALK,echo_mos,95,4.9990,4.9990,+0.0000
NEAREND SINGLETALK,echo_mos,96,4.9980,4.9980,+0.0000
NEAREND SINGLETALK,echo_mos,97,4.9990,4.9990,+0.0000
NEAREND SINGLETALK,echo_mos,98,4.9970,4.9970,+0.0000
NEAREND SINGLETALK,echo_mos,99,5.0000,5.0000,+0.0000
NEAREND SINGLETALK,echo_mos,100,4.9980,4.9980,+0.0000
NEAREND SINGLETALK,echo_mos,101,4.9980,4.9980,+0.0000
NEAREND SINGLETALK,echo_mos,102,5.0000,5.0000,+0.0000
NEAREND SINGLETALK,echo_mos,103,4.9980,4.9980,+0.0000
NEAREND SINGLETALK,echo_mos,104,4.9890,4.9890,+0.0000
NEAREND SINGLETALK,echo_mos,105,4.9990,4.9990,+0.0000
NEAREND SINGLETALK,echo_mos,106,4.9970,4.9970,+0.0000
NEAREND SINGLETALK,echo_mos,107,4.9990,4.9990,+0.0000
NEAREND SINGLETALK,echo_mos,108,4.9990,4.9990,+0.0000
NEAREND SINGLETALK,echo_mos,109,4.9990,4.9990,+0.0000
NEAREND SINGLETALK,echo_mos,110,4.9960,4.9960,+0.0000
NEAREND SINGLETALK,echo_mos,111,4.9970,4.9970,+0.0000
NEAREND SINGLETALK,echo_mos,112,4.9970,4.9970,+0.0000
NEAREND SINGLETALK,echo_mos,113,4.9970,4.9970,+0.0000
NEAREND SINGLETALK,echo_mos,114,5.0000,5.0000,+0.0000
NEAREND SINGLETALK,echo_mos,115,4.9970,4.9970,+0.0000
NEAREND SINGLETALK,echo_mos,116,5.0000,5.0000,+0.0000
NEAREND SINGLETALK,echo_mos,117,4.9980,4.9980,+0.0000
NEAREND SINGLETALK,echo_mos,118,4.9950,4.9950,+0.0000
NEAREND SINGLETALK,echo_mos,119,4.9970,4.9970,+0.0000
NEAREND SINGLETALK,echo_mos,120,4.9990,4.9990,+0.0000
NEAREND SINGLETALK,echo_mos,121,5.0000,5.0000,+0.0000
NEAREND SINGLETALK,echo_mos,122,4.9990,4.9990,+0.0000
NEAREND SINGLETALK,echo_mos,123,4.9980,4.9980,+0.0000
NEAREND SINGLETALK,echo_mos,124,4.9980,4.9980,+0.0000
NEAREND SINGLETALK,echo_mos,125,4.9980,4.9980,+0.0000
NEAREND SINGLETALK,echo_mos,126,4.9990,4.9990,+0.0000
NEAREND SINGLETALK,echo_mos,127,4.9990,4.9990,+0.0000
NEAREND SINGLETALK,echo_mos,128,5.0000,5.0000,+0.0000
NEAREND SINGLETALK,echo_mos,129,4.9960,4.9960,+0.0000
NEAREND SINGLETALK,echo_mos,130,4.9960,4.9960,+0.0000
NEAREND SINGLETALK,echo_mos,131,5.0000,5.0000,+0.0000
NEAREND SINGLETALK,echo_mos,132,4.9990,4.9990,+0.0000
NEAREND SINGLETALK,echo_mos,133,4.9990,4.9990,+0.0000
NEAREND SINGLETALK,echo_mos,134,4.9980,4.9980,+0.0000
NEAREND SINGLETALK,echo_mos,135,4.9970,4.9970,+0.0000
NEAREND SINGLETALK,echo_mos,136,4.9990,4.9990,+0.0000
NEAREND SINGLETALK,echo_mos,137,5.0000,5.0000,+0.0000
NEAREND SINGLETALK,echo_mos,138,4.9990,4.9990,+0.0000
NEAREND SINGLETALK,echo_mos,139,5.0000,5.0000,+0.0000
NEAREND SINGLETALK,echo_mos,140,4.9990,4.9990,+0.0000
NEAREND SINGLETALK,echo_mos,141,4.9980,4.9980,+0.0000
NEAREND SINGLETALK,echo_mos,142,4.9990,4.9990,+0.0000
NEAREND SINGLETALK,echo_mos,143,4.9990,4.9990,+0.0000
NEAREND SINGLETALK,echo_mos,144,4.9970,4.9970,+0.0000
NEAREND SINGLETALK,echo_mos,145,4.9990,4.9990,+0.0000
NEAREND SINGLETALK,echo_mos,146,4.9980,4.9980,+0.0000
NEAREND SINGLETALK,echo_mos,147,4.9990,4.9990,+0.0000
NEAREND SINGLETALK,echo_mos,148,4.9980,4.9980,+0.0000
NEAREND SINGLETALK,echo_mos,149,4.9990,4.9990,+0.0000
NEAREND SINGLETALK,echo_mos,150,4.9980,4.9980,+0.0000
NEAREND SINGLETALK,echo_mos,151,4.9980,4.9980,+0.0000
NEAREND SINGLETALK,echo_mos,152,4.9980,4.9980,+0.0000
NEAREND SINGLETALK,echo_mos,153,4.9970,4.9970,+0.0000
NEAREND SINGLETALK,echo_mos,154,4.9980,4.9980,+0.0000
NEAREND SINGLETALK,echo_mos,155,4.9990,4.9990,+0.0000
NEAREND SINGLETALK,echo_mos,156,4.9980,4.9980,+0.0000
NEAREND SINGLETALK,echo_mos,157,5.0000,5.0000,+0.0000
NEAREND SINGLETALK,echo_mos,158,5.0000,5.0000,+0.0000
NEAREND SINGLETALK,echo_mos,159,4.9960,4.9960,+0.0000
NEAREND SINGLETALK,echo_mos,160,4.9990,4.9990,+0.0000
NEAREND SINGLETALK,echo_mos,161,4.9990,4.9990,+0.0000
NEAREND SINGLETALK,echo_mos,162,4.9970,4.9970,+0.0000
NEAREND SINGLETALK,echo_mos,163,4.9990,4.9990,+0.0000
NEAREND SINGLETALK,echo_mos,164,4.9930,4.9930,+0.0000
NEAREND SINGLETALK,echo_mos,165,4.9990,4.9990,+0.0000
NEAREND SINGLETALK,echo_mos,166,4.9960,4.9960,+0.0000
NEAREND SINGLETALK,echo_mos,167,4.9980,4.9980,+0.0000
NEAREND SINGLETALK,echo_mos,168,4.9980,4.9980,+0.0000
NEAREND SINGLETALK,echo_mos,169,4.9970,4.9970,+0.0000
NEAREND SINGLETALK,echo_mos,170,4.9980,4.9980,+0.0000
NEAREND SINGLETALK,echo_mos,171,4.9990,4.9990,+0.0000
NEAREND SINGLETALK,echo_mos,172,4.9980,4.9980,+0.0000
NEAREND SINGLETALK,echo_mos,173,4.9980,4.9980,+0.0000
NEAREND SINGLETALK,echo_mos,174,4.9930,4.9930,+0.0000
NEAREND SINGLETALK,echo_mos,175,4.9990,4.9990,+0.0000
NEAREND SINGLETALK,echo_mos,176,4.9990,4.9990,+0.0000
NEAREND SINGLETALK,echo_mos,177,4.9980,4.9980,+0.0000
NEAREND SINGLETALK,echo_mos,178,4.9980,4.9980,+0.0000
NEAREND SINGLETALK,echo_mos,179,4.9980,4.9980,+0.0000
NEAREND SINGLETALK,echo_mos,180,5.0000,5.0000,+0.0000
NEAREND SINGLETALK,echo_mos,181,4.9990,4.9990,+0.0000
NEAREND SINGLETALK,echo_mos,182,4.9990,4.9990,+0.0000
NEAREND SINGLETALK,echo_mos,183,4.9990,4.9990,+0.0000
NEAREND SINGLETALK,echo_mos,184,4.9980,4.9980,+0.0000
NEAREND SINGLETALK,echo_mos,185,4.9980,4.9980,+0.0000
NEAREND SINGLETALK,echo_mos,186,5.0000,5.0000,+0.0000
NEAREND SINGLETALK,echo_mos,187,5.0000,5.0000,+0.0000
NEAREND SINGLETALK,echo_mos,188,4.9970,4.9970,+0.0000
NEAREND SINGLETALK,echo_mos,189,4.9990,4.9990,+0.0000
NEAREND SINGLETALK,echo_mos,190,4.9990,4.9990,+0.0000
NEAREND SINGLETALK,echo_mos,191,4.9980,4.9980,+0.0000
NEAREND SINGLETALK,echo_mos,192,4.9990,4.9990,+0.0000
NEAREND SINGLETALK,echo_mos,193,5.0000,5.0000,+0.0000
NEAREND SINGLETALK,echo_mos,194,4.9990,4.9990,+0.0000
NEAREND SINGLETALK,echo_mos,195,4.9980,4.9980,+0.0000
NEAREND SINGLETALK,echo_mos,196,4.9990,4.9990,+0.0000
NEAREND SINGLETALK,echo_mos,197,4.9980,4.9980,+0.0000
NEAREND SINGLETALK,echo_mos,198,4.9940,4.9940,+0.0000
NEAREND SINGLETALK,echo_mos,199,4.9970,4.9970,+0.0000
NEAREND SINGLETALK,deg_mos,0,4.2430,4.2430,+0.0000
NEAREND SINGLETALK,deg_mos,1,4.3760,4.3770,+0.0010
NEAREND SINGLETALK,deg_mos,2,4.4040,4.4040,+0.0000
NEAREND SINGLETALK,deg_mos,3,4.3110,4.3120,+0.0010
NEAREND SINGLETALK,deg_mos,4,4.1970,4.1970,+0.0000
NEAREND SINGLETALK,deg_mos,5,3.3610,3.3610,+0.0000
NEAREND SINGLETALK,deg_mos,6,3.9340,3.9350,+0.0010
NEAREND SINGLETALK,deg_mos,7,4.0570,4.0570,+0.0000
NEAREND SINGLETALK,deg_mos,8,4.4090,4.4100,+0.0010
NEAREND SINGLETALK,deg_mos,9,4.4030,4.4040,+0.0010
NEAREND SINGLETALK,deg_mos,10,4.1030,4.1030,+0.0000
NEAREND SINGLETALK,deg_mos,11,4.2430,4.2430,+0.0000
NEAREND SINGLETALK,deg_mos,12,4.3380,4.3380,+0.0000
NEAREND SINGLETALK,deg_mos,13,4.3080,4.3080,+0.0000
NEAREND SINGLETALK,deg_mos,14,4.2250,4.2250,+0.0000
NEAREND SINGLETALK,deg_mos,15,3.3180,3.3180,+0.0000
NEAREND SINGLETALK,deg_mos,16,4.2390,4.2380,-0.0010
NEAREND SINGLETALK,deg_mos,17,4.0410,4.0400,-0.0010
NEAREND SINGLETALK,deg_mos,18,3.9930,3.9920,-0.0010
NEAREND SINGLETALK,deg_mos,19,4.3080,4.3080,+0.0000
NEAREND SINGLETALK,deg_mos,20,4.0940,4.0950,+0.0010
NEAREND SINGLETALK,deg_mos,21,3.3220,3.3230,+0.0010
NEAREND SINGLETALK,deg_mos,22,4.1930,4.1930,+0.0000
NEAREND SINGLETALK,deg_mos,23,4.0820,4.0820,+0.0000
NEAREND SINGLETALK,deg_mos,24,4.0120,4.0120,+0.0000
NEAREND SINGLETALK,deg_mos,25,4.2080,4.2080,+0.0000
NEAREND SINGLETALK,deg_mos,26,4.1020,4.1020,+0.0000
NEAREND SINGLETALK,deg_mos,27,4.2650,4.2660,+0.0010
NEAREND SINGLETALK,deg_mos,28,4.1240,4.1240,+0.0000
NEAREND SINGLETALK,deg_mos,29,4.3010,4.3010,+0.0000
NEAREND SINGLETALK,deg_mos,30,3.1910,3.1920,+0.0010
NEAREND SINGLETALK,deg_mos,31,3.8210,3.8210,+0.0000
NEAREND SINGLETALK,deg_mos,32,4.2640,4.2630,-0.0010
NEAREND SINGLETALK,deg_mos,33,3.0250,3.0070,-0.0180
NEAREND SINGLETALK,deg_mos,34,4.0460,4.0460,+0.0000
NEAREND SINGLETALK,deg_mos,35,4.0900,4.0890,-0.0010
NEAREND SINGLETALK,deg_mos,36,3.3210,3.3170,-0.0040
NEAREND SINGLETALK,deg_mos,37,3.8670,3.8670,+0.0000
NEAREND SINGLETALK,deg_mos,38,4.1540,4.1560,+0.0020
NEAREND SINGLETALK,deg_mos,39,4.0310,4.0320,+0.0010
NEAREND SINGLETALK,deg_mos,40,4.2490,4.2480,-0.0010
NEAREND SINGLETALK,deg_mos,41,4.0230,4.0230,+0.0000
NEAREND SINGLETALK,deg_mos,42,4.4080,4.4080,+0.0000
NEAREND SINGLETALK,deg_mos,43,4.3460,4.3460,+0.0000
NEAREND SINGLETALK,deg_mos,44,3.3620,3.3620,+0.0000
NEAREND SINGLETALK,deg_mos,45,4.1060,4.1060,+0.0000
NEAREND SINGLETALK,deg_mos,46,4.3680,4.3690,+0.0010
NEAREND SINGLETALK,deg_mos,47,4.1850,4.1860,+0.0010
NEAREND SINGLETALK,deg_mos,48,4.1440,4.1440,+0.0000
NEAREND SINGLETALK,deg_mos,49,3.9320,3.9310,-0.0010
NEAREND SINGLETALK,deg_mos,50,4.0700,4.0770,+0.0070
NEAREND SINGLETALK,deg_mos,51,3.8070,3.8020,-0.0050
NEAREND SINGLETALK,deg_mos,52,3.5820,3.5820,+0.0000
NEAREND SINGLETALK,deg_mos,53,4.5040,4.5030,-0.0010
NEAREND SINGLETALK,deg_mos,54,4.0150,4.0150,+0.0000
NEAREND SINGLETALK,deg_mos,55,4.0600,4.0620,+0.0020
NEAREND SINGLETALK,deg_mos,56,3.4330,3.4330,+0.0000
NEAREND SINGLETALK,deg_mos,57,4.1460,4.1460,+0.0000
NEAREND SINGLETALK,deg_mos,58,3.9010,3.9010,+0.0000
NEAREND SINGLETALK,deg_mos,59,3.6540,3.6520,-0.0020
NEAREND SINGLETALK,deg_mos,60,4.2060,4.2050,-0.0010
NEAREND SINGLETALK,deg_mos,61,3.5390,3.5380,-0.0010
NEAREND SINGLETALK,deg_mos,62,4.1870,4.1870,+0.0000
NEAREND SINGLETALK,deg_mos,63,3.9230,3.9230,+0.0000
NEAREND SINGLETALK,deg_mos,64,3.9420,3.9420,+0.0000
NEAREND SINGLETALK,deg_mos,65,4.2080,4.2090,+0.0010
NEAREND SINGLETALK,deg_mos,66,4.1180,4.1160,-0.0020
NEAREND SINGLETALK,deg_mos,67,3.6120,3.6120,+0.0000
NEAREND SINGLETALK,deg_mos,68,4.2250,4.2250,+0.0000
NEAREND SINGLETALK,deg_mos,69,4.4180,4.4180,+0.0000
NEAREND SINGLETALK,deg_mos,70,4.4040,4.4050,+0.0010
NEAREND SINGLETALK,deg_mos,71,3.9660,3.9700,+0.0040
NEAREND SINGLETALK,deg_mos,72,3.8620,3.8620,+0.0000
NEAREND SINGLETALK,deg_mos,73,4.0680,4.0670,-0.0010
NEAREND SINGLETALK,deg_mos,74,4.2150,4.2150,+0.0000
NEAREND SINGLETALK,deg_mos,75,4.1660,4.1660,+0.0000
NEAREND SINGLETALK,deg_mos,76,3.9780,3.9800,+0.0020
NEAREND SINGLETALK,deg_mos,77,4.3680,4.3670,-0.0010
NEAREND SINGLETALK,deg_mos,78,3.5010,3.4920,-0.0090
NEAREND SINGLETALK,deg_mos,79,4.1270,4.1270,+0.0000
NEAREND SINGLETALK,deg_mos,80,3.7390,3.7390,+0.0000
NEAREND SINGLETALK,deg_mos,81,4.2550,4.2560,+0.0010
NEAREND SINGLETALK,deg_mos,82,4.1180,4.1180,+0.0000
NEAREND SINGLETALK,deg_mos,83,2.9270,2.9390,+0.0120
NEAREND SINGLETALK,deg_mos,84,2.9030,2.9030,+0.0000
NEAREND SINGLETALK,deg_mos,85,4.1600,4.1620,+0.0020
NEAREND SINGLETALK,deg_mos,86,4.0530,4.0530,+0.0000
NEAREND SINGLETALK,deg_mos,87,4.3130,4.3130,+0.0000
NEAREND SINGLETALK,deg_mos,88,4.4720,4.4720,+0.0000
NEAREND SINGLETALK,deg_mos,89,4.0490,4.0490,+0.0000
NEAREND SINGLETALK,deg_mos,90,3.9820,3.9830,+0.0010
NEAREND SINGLETALK,deg_mos,91,4.0120,4.0120,+0.0000
NEAREND SINGLETALK,deg_mos,92,4.0180,4.0180,+0.0000
NEAREND SINGLETALK,deg_mos,93,4.1400,4.1400,+0.0000
NEAREND SINGLETALK,deg_mos,94,4.3700,4.3700,+0.0000
NEAREND SINGLETALK,deg_mos,95,4.0180,4.0180,+0.0000
NEAREND SINGLETALK,deg_mos,96,4.1920,4.1920,+0.0000
NEAREND SINGLETALK,deg_mos,97,4.0780,4.0770,-0.0010
NEAREND SINGLETALK,deg_mos,98,4.2700,4.2630,-0.0070
NEAREND SINGLETALK,deg_mos,99,3.6410,3.6430,+0.0020
NEAREND SINGLETALK,deg_mos,100,4.1350,4.1340,-0.0010
NEAREND SINGLETALK,deg_mos,101,4.0000,4.0000,+0.0000
NEAREND SINGLETALK,deg_mos,102,3.5220,3.5200,-0.0020
NEAREND SINGLETALK,deg_mos,103,4.1970,4.1940,-0.0030
NEAREND SINGLETALK,deg_mos,104,4.2810,4.2810,+0.0000
NEAREND SINGLETALK,deg_mos,105,4.3020,4.3020,+0.0000
NEAREND SINGLETALK,deg_mos,106,4.4610,4.4610,+0.0000
NEAREND SINGLETALK,deg_mos,107,4.3350,4.3340,-0.0010
NEAREND SINGLETALK,deg_mos,108,4.2420,4.2420,+0.0000
NEAREND SINGLETALK,deg_mos,109,4.1330,4.1340,+0.0010
NEAREND SINGLETALK,deg_mos,110,4.0850,4.0850,+0.0000
NEAREND SINGLETALK,deg_mos,111,3.4830,3.4830,+0.0000
NEAREND SINGLETALK,deg_mos,112,4.4260,4.4260,+0.0000
NEAREND SINGLETALK,deg_mos,113,4.3550,4.3550,+0.0000
NEAREND SINGLETALK,deg_mos,114,4.0070,4.0020,-0.0050
NEAREND SINGLETALK,deg_mos,115,4.1860,4.1970,+0.0110
NEAREND SINGLETALK,deg_mos,116,3.7820,3.7860,+0.0040
NEAREND SINGLETALK,deg_mos,117,3.7110,3.7020,-0.0090
NEAREND SINGLETALK,deg_mos,118,4.0710,4.0710,+0.0000
NEAREND SINGLETALK,deg_mos,119,3.8350,3.8360,+0.0010
NEAREND SINGLETALK,deg_mos,120,4.1830,4.1820,-0.0010
NEAREND SINGLETALK,deg_mos,121,4.0450,4.0450,+0.0000
NEAREND SINGLETALK,deg_mos,122,4.2200,4.2200,+0.0000
NEAREND SINGLETALK,deg_mos,123,4.1190,4.1210,+0.0020
NEAREND SINGLETALK,deg_mos,124,4.1830,4.1820,-0.0010
NEAREND SINGLETALK,deg_mos,125,3.5460,3.5460,+0.0000
NEAREND SINGLETALK,deg_mos,126,3.9790,3.9780,-0.0010
NEAREND SINGLETALK,deg_mos,127,4.1280,4.1290,+0.0010
NEAREND SINGLETALK,deg_mos,128,4.0180,4.0130,-0.0050
NEAREND SINGLETALK,deg_mos,129,3.9620,3.9620,+0.0000
NEAREND SINGLETALK,deg_mos,130,4.2820,4.2820,+0.0000
NEAREND SINGLETALK,deg_mos,131,3.1390,3.1390,+0.0000
NEAREND SINGLETALK,deg_mos,132,4.1360,4.1360,+0.0000
NEAREND SINGLETALK,deg_mos,133,2.9630,2.9630,+0.0000
NEAREND SINGLETALK,deg_mos,134,3.7890,3.7890,+0.0000
NEAREND SINGLETALK,deg_mos,135,4.3240,4.3240,+0.0000
NEAREND SINGLETALK,deg_mos,136,4.0780,4.0790,+0.0010
NEAREND SINGLETALK,deg_mos,137,3.5180,3.5190,+0.0010
NEAREND SINGLETALK,deg_mos,138,3.3800,3.3800,+0.0000
NEAREND SINGLETALK,deg_mos,139,4.0290,4.0280,-0.0010
NEAREND SINGLETALK,deg_mos,140,4.2640,4.2640,+0.0000
NEAREND SINGLETALK,deg_mos,141,3.4790,3.4780,-0.0010
NEAREND SINGLETALK,deg_mos,142,3.7970,3.8000,+0.0030
NEAREND SINGLETALK,deg_mos,143,3.6010,3.6010,+0.0000
NEAREND SINGLETALK,deg_mos,144,3.6770,3.6760,-0.0010
NEAREND SINGLETALK,deg_mos,145,3.8690,3.8690,+0.0000
NEAREND SINGLETALK,deg_mos,146,3.9640,3.9650,+0.0010
NEAREND SINGLETALK,deg_mos,147,3.9940,3.9940,+0.0000
NEAREND SINGLETALK,deg_mos,148,4.1910,4.1910,+0.0000
NEAREND SINGLETALK,deg_mos,149,3.2960,3.2960,+0.0000
NEAREND SINGLETALK,deg_mos,150,4.1470,4.1510,+0.0040
NEAREND SINGLETALK,deg_mos,151,3.4840,3.4840,+0.0000
NEAREND SINGLETALK,deg_mos,152,4.1480,4.1480,+0.0000
NEAREND SINGLETALK,deg_mos,153,4.3130,4.3130,+0.0000
NEAREND SINGLETALK,deg_mos,154,3.7220,3.7240,+0.0020
NEAREND SINGLETALK,deg_mos,155,3.9340,3.9340,+0.0000
NEAREND SINGLETALK,deg_mos,156,4.0410,4.0410,+0.0000
NEAREND SINGLETALK,deg_mos,157,4.2070,4.2100,+0.0030
NEAREND SINGLETALK,deg_mos,158,3.9990,3.9990,+0.0000
NEAREND SINGLETALK,deg_mos,159,4.3060,4.3060,+0.0000
NEAREND SINGLETALK,deg_mos,160,3.8330,3.8330,+0.0000
NEAREND SINGLETALK,deg_mos,161,4.0000,4.0000,+0.0000
NEAREND SINGLETALK,deg_mos,162,4.2110,4.2110,+0.0000
NEAREND SINGLETALK,deg_mos,163,3.9120,3.9110,-0.0010
NEAREND SINGLETALK,deg_mos,164,4.3640,4.3630,-0.0010
NEAREND SINGLETALK,deg_mos,165,4.0740,4.0740,+0.0000
NEAREND SINGLETALK,deg_mos,166,4.6540,4.6540,+0.0000
NEAREND SINGLETALK,deg_mos,167,3.8430,3.8430,+0.0000
NEAREND SINGLETALK,deg_mos,168,4.1380,4.1370,-0.0010
NEAREND SINGLETALK,deg_mos,169,4.1130,4.1120,-0.0010
NEAREND SINGLETALK,deg_mos,170,4.3170,4.3160,-0.0010
NEAREND SINGLETALK,deg_mos,171,3.5250,3.5250,+0.0000
NEAREND SINGLETALK,deg_mos,172,4.2630,4.2630,+0.0000
NEAREND SINGLETALK,deg_mos,173,3.6140,3.6140,+0.0000
NEAREND SINGLETALK,deg_mos,174,4.3030,4.3030,+0.0000
NEAREND SINGLETALK,deg_mos,175,4.1790,4.1790,+0.0000
NEAREND SINGLETALK,deg_mos,176,3.9300,3.9300,+0.0000
NEAREND SINGLETALK,deg_mos,177,4.4720,4.4730,+0.0010
NEAREND SINGLETALK,deg_mos,178,4.3190,4.3190,+0.0000
NEAREND SINGLETALK,deg_mos,179,3.7350,3.7340,-0.0010
NEAREND SINGLETALK,deg_mos,180,3.9170,3.9160,-0.0010
NEAREND SINGLETALK,deg_mos,181,3.7690,3.7690,+0.0000
NEAREND SINGLETALK,deg_mos,182,3.9620,3.9620,+0.0000
NEAREND SINGLETALK,deg_mos,183,3.9070,3.9070,+0.0000
NEAREND SINGLETALK,deg_mos,184,4.1690,4.1710,+0.0020
NEAREND SINGLETALK,deg_mos,185,4.2520,4.2520,+0.0000
NEAREND SINGLETALK,deg_mos,186,3.4330,3.4320,-0.0010
NEAREND SINGLETALK,deg_mos,187,3.1820,3.2120,+0.0300
NEAREND SINGLETALK,deg_mos,188,4.2850,4.2850,+0.0000
NEAREND SINGLETALK,deg_mos,189,4.1450,4.1440,-0.0010
NEAREND SINGLETALK,deg_mos,190,3.8930,3.8930,+0.0000
NEAREND SINGLETALK,deg_mos,191,3.9520,3.9510,-0.0010
NEAREND SINGLETALK,deg_mos,192,4.0180,4.0170,-0.0010
NEAREND SINGLETALK,deg_mos,193,3.3840,3.3890,+0.0050
NEAREND SINGLETALK,deg_mos,194,4.0080,4.0070,-0.0010
NEAREND SINGLETALK,deg_mos,195,4.1920,4.1920,+0.0000
NEAREND SINGLETALK,deg_mos,196,3.8540,3.8570,+0.0030
NEAREND SINGLETALK,deg_mos,197,4.1360,4.1370,+0.0010
NEAREND SINGLETALK,deg_mos,198,4.2730,4.2730,+0.0000
NEAREND SINGLETALK,deg_mos,199,4.1560,4.1560,+0.0000
DOUBLETALK,echo_mos,0,4.4220,4.4270,+0.0050
DOUBLETALK,echo_mos,1,4.5910,4.5910,+0.0000
DOUBLETALK,echo_mos,2,4.5000,4.5120,+0.0120
DOUBLETALK,echo_mos,3,3.2080,3.2190,+0.0110
DOUBLETALK,echo_mos,4,3.5010,3.4940,-0.0070
DOUBLETALK,echo_mos,5,4.5440,4.5460,+0.0020
DOUBLETALK,echo_mos,6,3.7670,3.7700,+0.0030
DOUBLETALK,echo_mos,7,4.0490,3.9740,-0.0750
DOUBLETALK,echo_mos,8,4.0810,4.1320,+0.0510
DOUBLETALK,echo_mos,9,4.3250,4.3540,+0.0290
DOUBLETALK,echo_mos,10,4.5980,4.5950,-0.0030
DOUBLETALK,echo_mos,11,3.9890,3.9730,-0.0160
DOUBLETALK,echo_mos,12,1.9000,1.8990,-0.0010
DOUBLETALK,echo_mos,13,4.4340,4.4270,-0.0070
DOUBLETALK,echo_mos,14,3.1640,3.1460,-0.0180
DOUBLETALK,echo_mos,15,3.3370,3.2960,-0.0410
DOUBLETALK,echo_mos,16,3.3960,3.4140,+0.0180
DOUBLETALK,echo_mos,17,4.6690,4.6750,+0.0060
DOUBLETALK,echo_mos,18,4.3940,4.3770,-0.0170
DOUBLETALK,echo_mos,19,3.3400,3.3380,-0.0020
DOUBLETALK,echo_mos,20,3.1130,3.1050,-0.0080
DOUBLETALK,echo_mos,21,3.1840,3.1900,+0.0060
DOUBLETALK,echo_mos,22,4.1350,4.1110,-0.0240
DOUBLETALK,echo_mos,23,3.7230,3.7340,+0.0110
DOUBLETALK,echo_mos,24,4.2250,4.2950,+0.0700
DOUBLETALK,echo_mos,25,4.5260,4.5260,+0.0000
DOUBLETALK,echo_mos,26,3.6730,3.6660,-0.0070
DOUBLETALK,echo_mos,27,4.5660,4.5680,+0.0020
DOUBLETALK,echo_mos,28,4.9640,4.9670,+0.0030
DOUBLETALK,echo_mos,29,4.4840,4.4880,+0.0040
DOUBLETALK,echo_mos,30,4.3980,4.3740,-0.0240
DOUBLETALK,echo_mos,31,4.7900,4.7900,+0.0000
DOUBLETALK,echo_mos,32,4.5850,4.5990,+0.0140
DOUBLETALK,echo_mos,33,4.0240,4.0440,+0.0200
DOUBLETALK,echo_mos,34,4.4230,4.4180,-0.0050
DOUBLETALK,echo_mos,35,4.4120,4.4080,-0.0040
DOUBLETALK,echo_mos,36,3.9300,3.9310,+0.0010
DOUBLETALK,echo_mos,37,3.9130,3.9210,+0.0080
DOUBLETALK,echo_mos,38,4.2570,4.2300,-0.0270
DOUBLETALK,echo_mos,39,4.8280,4.8340,+0.0060
DOUBLETALK,echo_mos,40,3.8850,3.8560,-0.0290
DOUBLETALK,echo_mos,41,4.5820,4.5840,+0.0020
DOUBLETALK,echo_mos,42,3.7990,3.8070,+0.0080
DOUBLETALK,echo_mos,43,3.7570,3.7310,-0.0260
DOUBLETALK,echo_mos,44,3.9930,3.9870,-0.0060
DOUBLETALK,echo_mos,45,4.5880,4.5990,+0.0110
DOUBLETALK,echo_mos,46,4.6620,4.6560,-0.0060
DOUBLETALK,echo_mos,47,4.5010,4.5000,-0.0010
DOUBLETALK,echo_mos,48,3.8020,3.7830,-0.0190
DOUBLETALK,echo_mos,49,4.0470,4.0010,-0.0460
DOUBLETALK,echo_mos,50,4.6870,4.7110,+0.0240
DOUBLETALK,echo_mos,51,3.8200,3.8190,-0.0010
DOUBLETALK,echo_mos,52,3.8150,3.8090,-0.0060
DOUBLETALK,echo_mos,53,4.6930,4.6940,+0.0010
DOUBLETALK,echo_mos,54,4.1680,4.1670,-0.0010
DOUBLETALK,echo_mos,55,4.2850,4.2890,+0.0040
DOUBLETALK,echo_mos,56,4.4170,4.4230,+0.0060
DOUBLETALK,echo_mos,57,2.9310,2.9290,-0.0020
DOUBLETALK,echo_mos,58,4.0690,4.0640,-0.0050
DOUBLETALK,echo_mos,59,4.4610,4.4540,-0.0070
DOUBLETALK,echo_mos,60,3.8300,3.7800,-0.0500
DOUBLETALK,echo_mos,61,4.5540,4.5910,+0.0370
DOUBLETALK,echo_mos,62,4.7210,4.7190,-0.0020
DOUBLETALK,echo_mos,63,4.2240,4.2840,+0.0600
DOUBLETALK,echo_mos,64,3.9050,3.8890,-0.0160
DOUBLETALK,echo_mos,65,4.5180,4.5280,+0.0100
DOUBLETALK,echo_mos,66,4.1620,4.1300,-0.0320
DOUBLETALK,echo_mos,67,3.0640,3.0410,-0.0230
DOUBLETALK,echo_mos,68,3.0330,3.0350,+0.0020
DOUBLETALK,echo_mos,69,4.3150,4.3430,+0.0280
DOUBLETALK,echo_mos,70,3.6630,3.6680,+0.0050
DOUBLETALK,echo_mos,71,4.1330,4.1130,-0.0200
DOUBLETALK,echo_mos,72,3.8450,3.8440,-0.0010
DOUBLETALK,echo_mos,73,4.7650,4.7800,+0.0150
DOUBLETALK,echo_mos,74,4.6530,4.6650,+0.0120
DOUBLETALK,echo_mos,75,4.4270,4.4360,+0.0090
DOUBLETALK,echo_mos,76,4.7300,4.7650,+0.0350
DOUBLETALK,echo_mos,77,4.5300,4.5190,-0.0110
DOUBLETALK,echo_mos,78,3.4450,3.4450,+0.0000
DOUBLETALK,echo_mos,79,3.6300,3.6360,+0.0060
DOUBLETALK,echo_mos,80,3.4100,3.4250,+0.0150
DOUBLETALK,echo_mos,81,4.1510,4.1650,+0.0140
DOUBLETALK,echo_mos,82,4.0770,4.0650,-0.0120
DOUBLETALK,echo_mos,83,4.6630,4.6450,-0.0180
DOUBLETALK,echo_mos,84,4.5350,4.5460,+0.0110
DOUBLETALK,echo_mos,85,4.1070,4.0570,-0.0500
DOUBLETALK,echo_mos,86,3.9360,3.9410,+0.0050
DOUBLETALK,echo_mos,87,3.6960,3.7060,+0.0100
DOUBLETALK,echo_mos,88,3.6340,3.6170,-0.0170
DOUBLETALK,echo_mos,89,4.5150,4.5130,-0.0020
DOUBLETALK,echo_mos,90,3.8480,3.8480,+0.0000
DOUBLETALK,echo_mos,91,4.0310,4.0360,+0.0050
DOUBLETALK,echo_mos,92,4.5380,4.5380,+0.0000
DOUBLETALK,echo_mos,93,3.9790,3.9870,+0.0080
DOUBLETALK,echo_mos,94,4.3670,4.3390,-0.0280
DOUBLETALK,echo_mos,95,3.7370,3.7220,-0.0150
DOUBLETALK,echo_mos,96,4.5980,4.5990,+0.0010
DOUBLETALK,echo_mos,97,4.4780,4.4810,+0.0030
DOUBLETALK,echo_mos,98,4.0520,4.0550,+0.0030
DOUBLETALK,echo_mos,99,4.3390,4.3290,-0.0100
DOUBLETALK,echo_mos,100,3.6390,3.6410,+0.0020
DOUBLETALK,echo_mos,101,3.1970,3.2150,+0.0180
DOUBLETALK,echo_mos,102,4.2150,4.2190,+0.0040
DOUBLETALK,echo_mos,103,4.3460,4.3430,-0.0030
DOUBLETALK,echo_mos,104,3.5230,3.5140,-0.0090
DOUBLETALK,echo_mos,105,3.8110,3.6360,-0.1750
DOUBLETALK,echo_mos,106,4.6070,4.6120,+0.0050
DOUBLETALK,echo_mos,107,4.2350,4.2350,+0.0000
DOUBLETALK,echo_mos,108,3.4460,3.4490,+0.0030
DOUBLETALK,echo_mos,109,3.9940,4.0070,+0.0130
DOUBLETALK,echo_mos,110,4.5470,4.6140,+0.0670
DOUBLETALK,echo_mos,111,4.5590,4.5610,+0.0020
DOUBLETALK,echo_mos,112,4.5280,4.5340,+0.0060
DOUBLETALK,echo_mos,113,4.0800,3.9790,-0.1010
DOUBLETALK,echo_mos,114,3.8850,3.8660,-0.0190
DOUBLETALK,echo_mos,115,4.5770,4.5950,+0.0180
DOUBLETALK,echo_mos,116,4.1550,4.1700,+0.0150
DOUBLETALK,echo_mos,117,4.0540,4.0030,-0.0510
DOUBLETALK,echo_mos,118,4.3160,4.3090,-0.0070
DOUBLETALK,echo_mos,119,4.1280,4.1130,-0.0150
DOUBLETALK,echo_mos,120,4.3720,4.3590,-0.0130
DOUBLETALK,echo_mos,121,4.5560,4.5480,-0.0080
DOUBLETALK,echo_mos,122,3.9030,3.9100,+0.0070
DOUBLETALK,echo_mos,123,4.0520,4.0610,+0.0090
DOUBLETALK,echo_mos,124,3.8800,3.9370,+0.0570
DOUBLETALK,echo_mos,125,3.9640,3.9650,+0.0010
DOUBLETALK,echo_mos,126,3.8830,3.8930,+0.0100
DOUBLETALK,echo_mos,127,4.6060,4.5890,-0.0170
DOUBLETALK,echo_mos,128,3.7620,3.7640,+0.0020
DOUBLETALK,echo_mos,129,3.6260,3.6160,-0.0100
DOUBLETALK,echo_mos,130,3.7380,3.7500,+0.0120
DOUBLETALK,echo_mos,131,4.3910,4.3910,+0.0000
DOUBLETALK,echo_mos,132,4.1010,4.0430,-0.0580
DOUBLETALK,echo_mos,133,4.4830,4.5000,+0.0170
DOUBLETALK,echo_mos,134,4.5530,4.5680,+0.0150
DOUBLETALK,echo_mos,135,4.3830,4.3260,-0.0570
DOUBLETALK,echo_mos,136,4.0280,4.0130,-0.0150
DOUBLETALK,echo_mos,137,3.4160,3.4020,-0.0140
DOUBLETALK,echo_mos,138,3.7910,3.7820,-0.0090
DOUBLETALK,echo_mos,139,3.8370,3.8440,+0.0070
DOUBLETALK,echo_mos,140,4.4170,4.4050,-0.0120
DOUBLETALK,echo_mos,141,3.1880,3.2190,+0.0310
DOUBLETALK,echo_mos,142,2.3950,2.4220,+0.0270
DOUBLETALK,echo_mos,143,3.9780,3.9700,-0.0080
DOUBLETALK,echo_mos,144,4.6610,4.6450,-0.0160
DOUBLETALK,echo_mos,145,3.4740,3.4720,-0.0020
DOUBLETALK,echo_mos,146,3.7480,3.7610,+0.0130
DOUBLETALK,echo_mos,147,3.8490,3.8390,-0.0100
DOUBLETALK,echo_mos,148,3.4160,3.4030,-0.0130
DOUBLETALK,echo_mos,149,3.4500,3.4820,+0.0320
DOUBLETALK,echo_mos,150,3.7760,3.7660,-0.0100
DOUBLETALK,echo_mos,151,3.3210,3.3210,+0.0000
DOUBLETALK,echo_mos,152,3.9830,4.0150,+0.0320
DOUBLETALK,echo_mos,153,3.8230,3.8150,-0.0080
DOUBLETALK,echo_mos,154,3.5830,3.5860,+0.0030
DOUBLETALK,echo_mos,155,3.4430,3.4470,+0.0040
DOUBLETALK,echo_mos,156,3.8800,3.8850,+0.0050
DOUBLETALK,echo_mos,157,2.9700,2.9740,+0.0040
DOUBLETALK,echo_mos,158,4.6950,4.7320,+0.0370
DOUBLETALK,echo_mos,159,4.8970,4.9130,+0.0160
DOUBLETALK,echo_mos,160,4.2110,4.2180,+0.0070
DOUBLETALK,echo_mos,161,3.9360,3.9050,-0.0310
DOUBLETALK,echo_mos,162,4.3680,4.3570,-0.0110
DOUBLETALK,echo_mos,163,4.5490,4.5840,+0.0350
DOUBLETALK,echo_mos,164,3.8790,3.8600,-0.0190
DOUBLETALK,echo_mos,165,4.4130,4.3940,-0.0190
DOUBLETALK,echo_mos,166,3.7110,3.7010,-0.0100
DOUBLETALK,echo_mos,167,2.8300,2.8260,-0.0040
DOUBLETALK,echo_mos,168,3.1870,3.1930,+0.0060
DOUBLETALK,echo_mos,169,3.9940,3.9750,-0.0190
DOUBLETALK,echo_mos,170,2.7800,2.7730,-0.0070
DOUBLETALK,echo_mos,171,4.6120,4.6080,-0.0040
DOUBLETALK,echo_mos,172,4.5060,4.5040,-0.0020
DOUBLETALK,echo_mos,173,3.5920,3.5770,-0.0150
DOUBLETALK,echo_mos,174,3.8030,3.7900,-0.0130
DOUBLETALK,echo_mos,175,4.5790,4.5970,+0.0180
DOUBLETALK,echo_mos,176,4.5590,4.5430,-0.0160
DOUBLETALK,echo_mos,177,3.6800,3.6750,-0.0050
DOUBLETALK,echo_mos,178,3.4380,3.4330,-0.0050
DOUBLETALK,echo_mos,179,4.5190,4.5280,+0.0090
DOUBLETALK,echo_mos,180,3.2410,3.1800,-0.0610
DOUBLETALK,echo_mos,181,3.1120,3.0520,-0.0600
DOUBLETALK,echo_mos,182,4.4310,4.4560,+0.0250
DOUBLETALK,echo_mos,183,3.8890,3.8640,-0.0250
DOUBLETALK,echo_mos,184,4.0850,4.0120,-0.0730
DOUBLETALK,echo_mos,185,4.1660,4.1030,-0.0630
DOUBLETALK,echo_mos,186,4.2590,4.2860,+0.0270
DOUBLETALK,echo_mos,187,4.6150,4.6230,+0.0080
DOUBLETALK,echo_mos,188,4.3640,4.3510,-0.0130
DOUBLETALK,echo_mos,189,3.8540,3.9650,+0.1110
DOUBLETALK,echo_mos,190,3.9090,4.0240,+0.1150
DOUBLETALK,echo_mos,191,3.6120,3.6570,+0.0450
DOUBLETALK,echo_mos,192,4.0730,4.0020,-0.0710
DOUBLETALK,echo_mos,193,3.9350,3.9660,+0.0310
DOUBLETALK,echo_mos,194,3.5500,3.5640,+0.0140
DOUBLETALK,echo_mos,195,3.4790,3.4860,+0.0070
DOUBLETALK,echo_mos,196,4.0010,3.9910,-0.0100
DOUBLETALK,echo_mos,197,4.7000,4.7040,+0.0040
DOUBLETALK,echo_mos,198,4.3570,4.3590,+0.0020
DOUBLETALK,echo_mos,199,3.6580,3.6400,-0.0180
DOUBLETALK,echo_mos,200,4.8940,4.8950,+0.0010
DOUBLETALK,echo_mos,201,4.6030,4.6030,+0.0000
DOUBLETALK,echo_mos,202,3.7760,3.7500,-0.0260
DOUBLETALK,echo_mos,203,4.6420,4.6450,+0.0030
DOUBLETALK,echo_mos,204,4.4910,4.4970,+0.0060
DOUBLETALK,echo_mos,205,4.0170,4.0160,-0.0010
DOUBLETALK,echo_mos,206,3.5890,3.6140,+0.0250
DOUBLETALK,echo_mos,207,4.5870,4.5860,-0.0010
DOUBLETALK,echo_mos,208,3.3520,3.3690,+0.0170
DOUBLETALK,echo_mos,209,4.5850,4.5990,+0.0140
DOUBLETALK,echo_mos,210,2.3240,2.3060,-0.0180
DOUBLETALK,echo_mos,211,2.5110,2.5190,+0.0080
DOUBLETALK,echo_mos,212,4.6210,4.6220,+0.0010
DOUBLETALK,echo_mos,213,4.1880,4.1920,+0.0040
DOUBLETALK,echo_mos,214,4.0000,3.9080,-0.0920
DOUBLETALK,echo_mos,215,2.8850,2.8810,-0.0040
DOUBLETALK,echo_mos,216,4.6680,4.6440,-0.0240
DOUBLETALK,echo_mos,217,4.0760,4.0340,-0.0420
DOUBLETALK,echo_mos,218,4.2790,4.3240,+0.0450
DOUBLETALK,echo_mos,219,3.5950,3.5770,-0.0180
DOUBLETALK,echo_mos,220,4.2250,4.2450,+0.0200
DOUBLETALK,echo_mos,221,4.3790,4.3790,+0.0000
DOUBLETALK,echo_mos,222,3.1400,3.1440,+0.0040
DOUBLETALK,echo_mos,223,3.1920,3.1880,-0.0040
DOUBLETALK,echo_mos,224,4.0980,4.0990,+0.0010
DOUBLETALK,echo_mos,225,4.2050,4.2050,+0.0000
DOUBLETALK,echo_mos,226,3.6860,3.6860,+0.0000
DOUBLETALK,echo_mos,227,4.4690,4.4690,+0.0000
DOUBLETALK,echo_mos,228,4.5780,4.5750,-0.0030
DOUBLETALK,echo_mos,229,3.9730,4.0010,+0.0280
DOUBLETALK,echo_mos,230,4.5370,4.5410,+0.0040
DOUBLETALK,echo_mos,231,2.7650,2.7650,+0.0000
DOUBLETALK,echo_mos,232,2.9350,2.9350,+0.0000
DOUBLETALK,echo_mos,233,2.1490,2.1210,-0.0280
DOUBLETALK,echo_mos,234,4.4220,4.4090,-0.0130
DOUBLETALK,echo_mos,235,4.1490,4.1700,+0.0210
DOUBLETALK,echo_mos,236,3.9850,3.9850,+0.0000
DOUBLETALK,echo_mos,237,3.5010,3.5100,+0.0090
DOUBLETALK,echo_mos,238,4.1170,4.0630,-0.0540
DOUBLETALK,echo_mos,239,3.7030,3.7200,+0.0170
DOUBLETALK,echo_mos,240,4.1700,4.1760,+0.0060
DOUBLETALK,echo_mos,241,4.0470,4.0560,+0.0090
DOUBLETALK,echo_mos,242,4.4880,4.4750,-0.0130
DOUBLETALK,echo_mos,243,4.3200,4.3410,+0.0210
DOUBLETALK,echo_mos,244,4.5580,4.5690,+0.0110
DOUBLETALK,echo_mos,245,4.3380,4.3310,-0.0070
DOUBLETALK,echo_mos,246,4.4640,4.4690,+0.0050
DOUBLETALK,echo_mos,247,4.6820,4.7290,+0.0470
DOUBLETALK,echo_mos,248,4.2590,4.2840,+0.0250
DOUBLETALK,echo_mos,249,3.6160,3.6250,+0.0090
DOUBLETALK,echo_mos,250,4.0760,4.0800,+0.0040
DOUBLETALK,echo_mos,251,4.0560,4.0940,+0.0380
DOUBLETALK,echo_mos,252,4.1340,4.1080,-0.0260
DOUBLETALK,echo_mos,253,4.6170,4.6520,+0.0350
DOUBLETALK,echo_mos,254,3.0630,3.0640,+0.0010
DOUBLETALK,echo_mos,255,4.5890,4.5920,+0.0030
DOUBLETALK,echo_mos,256,4.2360,4.2350,-0.0010
DOUBLETALK,echo_mos,257,3.9280,3.9370,+0.0090
DOUBLETALK,echo_mos,258,4.0390,4.0430,+0.0040
DOUBLETALK,echo_mos,259,4.2390,4.2360,-0.0030
DOUBLETALK,echo_mos,260,3.6940,3.7080,+0.0140
DOUBLETALK,echo_mos,261,4.2670,4.2700,+0.0030
DOUBLETALK,echo_mos,262,4.4440,4.4080,-0.0360
DOUBLETALK,echo_mos,263,4.3800,4.3140,-0.0660
DOUBLETALK,echo_mos,264,4.4500,4.4280,-0.0220
DOUBLETALK,echo_mos,265,4.5720,4.5890,+0.0170
DOUBLETALK,echo_mos,266,3.7220,3.7640,+0.0420
DOUBLETALK,echo_mos,267,4.0200,4.0380,+0.0180
DOUBLETALK,echo_mos,268,4.5970,4.5960,-0.0010
DOUBLETALK,echo_mos,269,3.9990,3.9830,-0.0160
DOUBLETALK,echo_mos,270,4.4820,4.4920,+0.0100
DOUBLETALK,echo_mos,271,4.4850,4.4760,-0.0090
DOUBLETALK,echo_mos,272,3.9510,3.9170,-0.0340
DOUBLETALK,echo_mos,273,4.4020,4.3910,-0.0110
DOUBLETALK,echo_mos,274,4.2360,4.2460,+0.0100
DOUBLETALK,echo_mos,275,4.8190,4.8190,+0.0000
DOUBLETALK,echo_mos,276,4.1630,4.1950,+0.0320
DOUBLETALK,echo_mos,277,3.9910,4.0230,+0.0320
DOUBLETALK,echo_mos,278,3.6840,3.7250,+0.0410
DOUBLETALK,echo_mos,279,4.6410,4.6330,-0.0080
DOUBLETALK,echo_mos,280,4.6340,4.6370,+0.0030
DOUBLETALK,echo_mos,281,3.0700,3.0740,+0.0040
DOUBLETALK,echo_mos,282,3.7550,3.7730,+0.0180
DOUBLETALK,echo_mos,283,4.4190,4.4170,-0.0020
DOUBLETALK,echo_mos,284,3.1300,3.1270,-0.0030
DOUBLETALK,echo_mos,285,3.4420,3.4360,-0.0060
DOUBLETALK,echo_mos,286,4.5390,4.5310,-0.0080
DOUBLETALK,echo_mos,287,2.9350,2.9560,+0.0210
DOUBLETALK,echo_mos,288,4.7520,4.7520,+0.0000
DOUBLETALK,echo_mos,289,4.6020,4.5960,-0.0060
DOUBLETALK,echo_mos,290,4.3260,4.3620,+0.0360
DOUBLETALK,echo_mos,291,3.6730,3.6870,+0.0140
DOUBLETALK,echo_mos,292,3.2700,3.2610,-0.0090
DOUBLETALK,echo_mos,293,4.3290,4.2960,-0.0330
DOUBLETALK,echo_mos,294,4.3460,4.3710,+0.0250
DOUBLETALK,echo_mos,295,3.0310,2.9780,-0.0530
DOUBLETALK,echo_mos,296,4.3260,4.3100,-0.0160
DOUBLETALK,echo_mos,297,4.1210,4.1280,+0.0070
DOUBLETALK,echo_mos,298,3.9780,3.9560,-0.0220
DOUBLETALK,echo_mos,299,4.0380,4.0440,+0.0060
DOUBLETALK,deg_mos,0,2.6820,2.6780,-0.0040
DOUBLETALK,deg_mos,1,2.0700,2.0710,+0.0010
DOUBLETALK,deg_mos,2,2.4500,2.4300,-0.0200
DOUBLETALK,deg_mos,3,3.7550,3.7540,-0.0010
DOUBLETALK,deg_mos,4,2.6850,2.6690,-0.0160
DOUBLETALK,deg_mos,5,1.7470,1.7390,-0.0080
DOUBLETALK,deg_mos,6,2.8880,2.8580,-0.0300
DOUBLETALK,deg_mos,7,1.8700,2.0000,+0.1300
DOUBLETALK,deg_mos,8,1.8980,1.8060,-0.0920
DOUBLETALK,deg_mos,9,1.5920,1.6480,+0.0560
DOUBLETALK,deg_mos,10,2.3900,2.3960,+0.0060
DOUBLETALK,deg_mos,11,2.4030,2.4280,+0.0250
DOUBLETALK,deg_mos,12,3.7970,3.7970,+0.0000
DOUBLETALK,deg_mos,13,2.0520,2.0800,+0.0280
DOUBLETALK,deg_mos,14,3.8660,3.8490,-0.0170
DOUBLETALK,deg_mos,15,3.6490,3.6380,-0.0110
DOUBLETALK,deg_mos,16,2.7500,2.7580,+0.0080
DOUBLETALK,deg_mos,17,1.6940,1.7060,+0.0120
DOUBLETALK,deg_mos,18,2.2990,2.3200,+0.0210
DOUBLETALK,deg_mos,19,3.1420,3.1470,+0.0050
DOUBLETALK,deg_mos,20,3.8950,3.8940,-0.0010
DOUBLETALK,deg_mos,21,3.5810,3.5800,-0.0010
DOUBLETALK,deg_mos,22,2.1170,2.1410,+0.0240
DOUBLETALK,deg_mos,23,2.6390,2.6350,-0.0040
DOUBLETALK,deg_mos,24,2.3360,2.1740,-0.1620
DOUBLETALK,deg_mos,25,3.1220,3.0590,-0.0630
DOUBLETALK,deg_mos,26,3.2190,3.2360,+0.0170
DOUBLETALK,deg_mos,27,2.5640,2.5610,-0.0030
DOUBLETALK,deg_mos,28,2.4480,2.4430,-0.0050
DOUBLETALK,deg_mos,29,2.3570,2.3640,+0.0070
DOUBLETALK,deg_mos,30,2.5870,2.6750,+0.0880
DOUBLETALK,deg_mos,31,3.3500,3.3490,-0.0010
DOUBLETALK,deg_mos,32,1.7880,1.7980,+0.0100
DOUBLETALK,deg_mos,33,1.8640,1.8810,+0.0170
DOUBLETALK,deg_mos,34,1.4910,1.4610,-0.0300
DOUBLETALK,deg_mos,35,1.4430,1.4520,+0.0090
DOUBLETALK,deg_mos,36,2.8380,2.8380,+0.0000
DOUBLETALK,deg_mos,37,3.3200,3.3620,+0.0420
DOUBLETALK,deg_mos,38,2.3950,2.3870,-0.0080
DOUBLETALK,deg_mos,39,2.5430,2.5570,+0.0140
DOUBLETALK,deg_mos,40,2.8680,2.9040,+0.0360
DOUBLETALK,deg_mos,41,1.3950,1.4160,+0.0210
DOUBLETALK,deg_mos,42,2.6440,2.6420,-0.0020
DOUBLETALK,deg_mos,43,3.2150,3.2190,+0.0040
DOUBLETALK,deg_mos,44,3.0870,3.0950,+0.0080
DOUBLETALK,deg_mos,45,1.8420,1.7830,-0.0590
DOUBLETALK,deg_mos,46,1.7890,1.7720,-0.0170
DOUBLETALK,deg_mos,47,2.3550,2.3560,+0.0010
DOUBLETALK,deg_mos,48,2.7950,2.7660,-0.0290
DOUBLETALK,deg_mos,49,2.8850,2.9130,+0.0280
DOUBLETALK,deg_mos,50,2.3190,2.3340,+0.0150
DOUBLETALK,deg_mos,51,2.9570,2.9380,-0.0190
DOUBLETALK,deg_mos,52,2.3470,2.3520,+0.0050
DOUBLETALK,deg_mos,53,1.2170,1.2170,+0.0000
DOUBLETALK,deg_mos,54,1.9120,1.9230,+0.0110
DOUBLETALK,deg_mos,55,1.5280,1.5960,+0.0680
DOUBLETALK,deg_mos,56,2.0220,1.9650,-0.0570
DOUBLETALK,deg_mos,57,4.1600,4.1600,+0.0000
DOUBLETALK,deg_mos,58,2.5610,2.5580,-0.0030
DOUBLETALK,deg_mos,59,1.8690,1.8660,-0.0030
DOUBLETALK,deg_mos,60,2.9400,2.9670,+0.0270
DOUBLETALK,deg_mos,61,2.3740,2.3700,-0.0040
DOUBLETALK,deg_mos,62,1.2540,1.2600,+0.0060
DOUBLETALK,deg_mos,63,2.6900,2.8180,+0.1280
DOUBLETALK,deg_mos,64,3.2340,3.2400,+0.0060
DOUBLETALK,deg_mos,65,1.9800,1.9300,-0.0500
DOUBLETALK,deg_mos,66,1.5790,1.5810,+0.0020
DOUBLETALK,deg_mos,67,3.6390,3.6380,-0.0010
DOUBLETALK,deg_mos,68,2.7590,2.7590,+0.0000
DOUBLETALK,deg_mos,69,2.6010,2.5870,-0.0140
DOUBLETALK,deg_mos,70,2.7430,2.7540,+0.0110
DOUBLETALK,deg_mos,71,2.3490,2.4290,+0.0800
DOUBLETALK,deg_mos,72,1.9620,1.9390,-0.0230
DOUBLETALK,deg_mos,73,1.7480,1.7340,-0.0140
DOUBLETALK,deg_mos,74,2.0990,2.0870,-0.0120
DOUBLETALK,deg_mos,75,2.2170,2.2500,+0.0330
DOUBLETALK,deg_mos,76,1.4880,1.4780,-0.0100
DOUBLETALK,deg_mos,77,1.4340,1.4760,+0.0420
DOUBLETALK,deg_mos,78,3.6050,3.6060,+0.0010
DOUBLETALK,deg_mos,79,2.0790,2.0720,-0.0070
DOUBLETALK,deg_mos,80,2.8360,2.8290,-0.0070
DOUBLETALK,deg_mos,81,1.9270,1.9110,-0.0160
DOUBLETALK,deg_mos,82,2.6090,2.6420,+0.0330
DOUBLETALK,deg_mos,83,1.7450,1.7400,-0.0050
DOUBLETALK,deg_mos,84,1.8360,1.8130,-0.0230
DOUBLETALK,deg_mos,85,2.4260,2.5230,+0.0970
DOUBLETALK,deg_mos,86,2.2520,2.1900,-0.0620
DOUBLETALK,deg_mos,87,2.6970,2.6560,-0.0410
DOUBLETALK,deg_mos,88,2.1010,2.1040,+0.0030
DOUBLETALK,deg_mos,89,1.8430,1.8840,+0.0410
DOUBLETALK,deg_mos,90,3.2320,3.2300,-0.0020
DOUBLETALK,deg_mos,91,3.2880,3.2950,+0.0070
DOUBLETALK,deg_mos,92,1.8050,1.7990,-0.0060
DOUBLETALK,deg_mos,93,3.0830,3.0590,-0.0240
DOUBLETALK,deg_mos,94,3.2430,3.2970,+0.0540
DOUBLETALK,deg_mos,95,2.2340,2.2300,-0.0040
DOUBLETALK,deg_mos,96,1.6970,1.6290,-0.0680
DOUBLETALK,deg_mos,97,1.6010,1.5920,-0.0090
DOUBLETALK,deg_mos,98,3.2340,3.2350,+0.0010
DOUBLETALK,deg_mos,99,2.4750,2.3810,-0.0940
DOUBLETALK,deg_mos,100,2.1080,2.1100,+0.0020
DOUBLETALK,deg_mos,101,3.6260,3.6250,-0.0010
DOUBLETALK,deg_mos,102,1.8530,1.8520,-0.0010
DOUBLETALK,deg_mos,103,1.8380,1.8240,-0.0140
DOUBLETALK,deg_mos,104,2.8030,2.8090,+0.0060
DOUBLETALK,deg_mos,105,2.1030,2.2900,+0.1870
DOUBLETALK,deg_mos,106,1.3650,1.3560,-0.0090
DOUBLETALK,deg_mos,107,1.7340,1.7480,+0.0140
DOUBLETALK,deg_mos,108,2.2840,2.3620,+0.0780
DOUBLETALK,deg_mos,109,1.9760,1.9960,+0.0200
DOUBLETALK,deg_mos,110,2.6740,2.5880,-0.0860
DOUBLETALK,deg_mos,111,1.2420,1.2400,-0.0020
DOUBLETALK,deg_mos,112,1.4440,1.4420,-0.0020
DOUBLETALK,deg_mos,113,2.0950,2.1540,+0.0590
DOUBLETALK,deg_mos,114,2.3130,2.3190,+0.0060
DOUBLETALK,deg_mos,115,1.6760,1.6410,-0.0350
DOUBLETALK,deg_mos,116,2.3380,2.2950,-0.0430
DOUBLETALK,deg_mos,117,3.0800,3.0440,-0.0360
DOUBLETALK,deg_mos,118,2.0700,2.0610,-0.0090
DOUBLETALK,deg_mos,119,3.2150,3.2210,+0.0060
DOUBLETALK,deg_mos,120,2.4990,2.5110,+0.0120
DOUBLETALK,deg_mos,121,2.2870,2.2910,+0.0040
DOUBLETALK,deg_mos,122,2.3030,2.3100,+0.0070
DOUBLETALK,deg_mos,123,2.0670,2.0550,-0.0120
DOUBLETALK,deg_mos,124,1.7830,1.7410,-0.0420
DOUBLETALK,deg_mos,125,2.8830,2.8420,-0.0410
DOUBLETALK,deg_mos,126,1.8060,1.7520,-0.0540
DOUBLETALK,deg_mos,127,1.1570,1.1590,+0.0020
DOUBLETALK,deg_mos,128,2.6580,2.5900,-0.0680
DOUBLETALK,deg_mos,129,2.6340,2.6220,-0.0120
DOUBLETALK,deg_mos,130,2.8400,2.8250,-0.0150
DOUBLETALK,deg_mos,131,2.8610,2.8650,+0.0040
DOUBLETALK,deg_mos,132,2.8770,2.8170,-0.0600
DOUBLETALK,deg_mos,133,1.3230,1.3100,-0.0130
DOUBLETALK,deg_mos,134,1.2420,1.2350,-0.0070
DOUBLETALK,deg_mos,135,1.3160,1.3260,+0.0100
DOUBLETALK,deg_mos,136,1.4420,1.4600,+0.0180
DOUBLETALK,deg_mos,137,3.2400,3.2170,-0.0230
DOUBLETALK,deg_mos,138,2.2710,2.2080,-0.0630
DOUBLETALK,deg_mos,139,3.1080,3.0840,-0.0240
DOUBLETALK,deg_mos,140,1.7190,1.7700,+0.0510
DOUBLETALK,deg_mos,141,3.2070,3.2090,+0.0020
DOUBLETALK,deg_mos,142,3.0830,3.0760,-0.0070
DOUBLETALK,deg_mos,143,3.0980,3.1150,+0.0170
DOUBLETALK,deg_mos,144,1.8450,1.8050,-0.0400
DOUBLETALK,deg_mos,145,2.8520,2.8560,+0.0040
DOUBLETALK,deg_mos,146,2.8000,2.8150,+0.0150
DOUBLETALK,deg_mos,147,2.9160,2.9210,+0.0050
DOUBLETALK,deg_mos,148,3.2190,3.2210,+0.0020
DOUBLETALK,deg_mos,149,2.2190,2.1820,-0.0370
DOUBLETALK,deg_mos,150,3.3190,3.3000,-0.0190
DOUBLETALK,deg_mos,151,3.5260,3.5450,+0.0190
DOUBLETALK,deg_mos,152,2.5110,2.4590,-0.0520
DOUBLETALK,deg_mos,153,2.4310,2.4660,+0.0350
DOUBLETALK,deg_mos,154,3.0720,3.0730,+0.0010
DOUBLETALK,deg_mos,155,2.8070,2.8400,+0.0330
DOUBLETALK,deg_mos,156,2.7650,2.7440,-0.0210
DOUBLETALK,deg_mos,157,3.4770,3.4640,-0.0130
DOUBLETALK,deg_mos,158,2.1980,2.1180,-0.0800
DOUBLETALK,deg_mos,159,1.9960,2.0170,+0.0210
DOUBLETALK,deg_mos,160,3.0830,3.0780,-0.0050
DOUBLETALK,deg_mos,161,2.5010,2.5430,+0.0420
DOUBLETALK,deg_mos,162,3.4000,3.4150,+0.0150
DOUBLETALK,deg_mos,163,2.3830,2.3540,-0.0290
DOUBLETALK,deg_mos,164,2.5110,2.5170,+0.0060
DOUBLETALK,deg_mos,165,1.5280,1.5730,+0.0450
DOUBLETALK,deg_mos,166,2.9480,2.9630,+0.0150
DOUBLETALK,deg_mos,167,4.0140,4.0160,+0.0020
DOUBLETALK,deg_mos,168,3.4400,3.4350,-0.0050
DOUBLETALK,deg_mos,169,2.0630,2.0150,-0.0480
DOUBLETALK,deg_mos,170,2.9870,2.9810,-0.0060
DOUBLETALK,deg_mos,171,2.2320,2.2290,-0.0030
DOUBLETALK,deg_mos,172,2.1670,2.1710,+0.0040
DOUBLETALK,deg_mos,173,3.0510,3.0800,+0.0290
DOUBLETALK,deg_mos,174,2.2340,2.2670,+0.0330
DOUBLETALK,deg_mos,175,1.6090,1.6750,+0.0660
DOUBLETALK,deg_mos,176,2.4620,2.4550,-0.0070
DOUBLETALK,deg_mos,177,2.6100,2.6070,-0.0030
DOUBLETALK,deg_mos,178,2.0230,2.0040,-0.0190
DOUBLETALK,deg_mos,179,1.6650,1.6480,-0.0170
DOUBLETALK,deg_mos,180,2.8580,2.8840,+0.0260
DOUBLETALK,deg_mos,181,3.6320,3.6100,-0.0220
DOUBLETALK,deg_mos,182,1.9280,1.8900,-0.0380
DOUBLETALK,deg_mos,183,1.9890,2.0490,+0.0600
DOUBLETALK,deg_mos,184,1.7930,1.8960,+0.1030
DOUBLETALK,deg_mos,185,1.9260,1.9640,+0.0380
DOUBLETALK,deg_mos,186,2.3340,2.5220,+0.1880
DOUBLETALK,deg_mos,187,1.6370,1.6770,+0.0400
DOUBLETALK,deg_mos,188,2.0360,2.0100,-0.0260
DOUBLETALK,deg_mos,189,2.0700,1.8700,-0.2000
DOUBLETALK,deg_mos,190,1.9000,1.7410,-0.1590
DOUBLETALK,deg_mos,191,2.1310,2.1070,-0.0240
DOUBLETALK,deg_mos,192,1.8340,1.9760,+0.1420
DOUBLETALK,deg_mos,193,2.7250,2.7050,-0.0200
DOUBLETALK,deg_mos,194,3.6650,3.6750,+0.0100
DOUBLETALK,deg_mos,195,3.0270,3.0250,-0.0020
DOUBLETALK,deg_mos,196,3.4240,3.4260,+0.0020
DOUBLETALK,deg_mos,197,1.2310,1.2210,-0.0100
DOUBLETALK,deg_mos,198,1.3960,1.4160,+0.0200
DOUBLETALK,deg_mos,199,2.1630,2.1550,-0.0080
DOUBLETALK,deg_mos,200,1.6380,1.5990,-0.0390
DOUBLETALK,deg_mos,201,2.6100,2.6830,+0.0730
DOUBLETALK,deg_mos,202,2.0800,2.1030,+0.0230
DOUBLETALK,deg_mos,203,2.1190,2.1000,-0.0190
DOUBLETALK,deg_mos,204,1.8280,1.7850,-0.0430
DOUBLETALK,deg_mos,205,2.7040,2.7090,+0.0050
DOUBLETALK,deg_mos,206,1.9330,1.9040,-0.0290
DOUBLETALK,deg_mos,207,1.7060,1.7070,+0.0010
DOUBLETALK,deg_mos,208,3.2570,3.2140,-0.0430
DOUBLETALK,deg_mos,209,1.8590,1.7900,-0.0690
DOUBLETALK,deg_mos,210,3.6650,3.6600,-0.0050
DOUBLETALK,deg_mos,211,3.5310,3.5260,-0.0050
DOUBLETALK,deg_mos,212,2.0510,2.0200,-0.0310
DOUBLETALK,deg_mos,213,2.2620,2.1970,-0.0650
DOUBLETALK,deg_mos,214,1.8240,1.9630,+0.1390
DOUBLETALK,deg_mos,215,3.5770,3.5790,+0.0020
DOUBLETALK,deg_mos,216,2.3250,2.4190,+0.0940
DOUBLETALK,deg_mos,217,2.2100,2.2310,+0.0210
DOUBLETALK,deg_mos,218,2.4220,2.3950,-0.0270
DOUBLETALK,deg_mos,219,2.2040,2.1880,-0.0160
DOUBLETALK,deg_mos,220,1.9400,1.9030,-0.0370
DOUBLETALK,deg_mos,221,2.4780,2.4840,+0.0060
DOUBLETALK,deg_mos,222,3.3530,3.3370,-0.0160
DOUBLETALK,deg_mos,223,3.8380,3.8420,+0.0040
DOUBLETALK,deg_mos,224,3.2050,3.2430,+0.0380
DOUBLETALK,deg_mos,225,3.3650,3.3650,+0.0000
DOUBLETALK,deg_mos,226,2.8650,2.8530,-0.0120
DOUBLETALK,deg_mos,227,2.8040,2.7640,-0.0400
DOUBLETALK,deg_mos,228,1.7370,1.7540,+0.0170
DOUBLETALK,deg_mos,229,2.0280,2.0070,-0.0210
DOUBLETALK,deg_mos,230,2.1140,2.0990,-0.0150
DOUBLETALK,deg_mos,231,3.4830,3.4860,+0.0030
DOUBLETALK,deg_mos,232,3.8560,3.8560,+0.0000
DOUBLETALK,deg_mos,233,3.8770,3.8890,+0.0120
DOUBLETALK,deg_mos,234,2.1190,2.1240,+0.0050
DOUBLETALK,deg_mos,235,3.0970,3.0860,-0.0110
DOUBLETALK,deg_mos,236,3.3710,3.3810,+0.0100
DOUBLETALK,deg_mos,237,2.6310,2.6950,+0.0640
DOUBLETALK,deg_mos,238,1.3730,1.4210,+0.0480
DOUBLETALK,deg_mos,239,3.0640,3.0640,+0.0000
DOUBLETALK,deg_mos,240,2.8120,2.7890,-0.0230
DOUBLETALK,deg_mos,241,2.2520,2.2070,-0.0450
DOUBLETALK,deg_mos,242,1.6220,1.6170,-0.0050
DOUBLETALK,deg_mos,243,2.8590,2.8560,-0.0030
DOUBLETALK,deg_mos,244,1.8060,1.7990,-0.0070
DOUBLETALK,deg_mos,245,1.2480,1.2480,+0.0000
DOUBLETALK,deg_mos,246,2.5730,2.6000,+0.0270
DOUBLETALK,deg_mos,247,1.6140,1.5950,-0.0190
DOUBLETALK,deg_mos,248,3.0720,3.0480,-0.0240
DOUBLETALK,deg_mos,249,3.7550,3.7560,+0.0010
DOUBLETALK,deg_mos,250,2.1920,2.2180,+0.0260
DOUBLETALK,deg_mos,251,1.9920,1.9140,-0.0780
DOUBLETALK,deg_mos,252,2.4270,2.4870,+0.0600
DOUBLETALK,deg_mos,253,1.9690,1.9670,-0.0020
DOUBLETALK,deg_mos,254,3.5410,3.5390,-0.0020
DOUBLETALK,deg_mos,255,1.8730,1.8750,+0.0020
DOUBLETALK,deg_mos,256,2.0580,2.0630,+0.0050
DOUBLETALK,deg_mos,257,3.5660,3.5520,-0.0140
DOUBLETALK,deg_mos,258,3.0720,3.0320,-0.0400
DOUBLETALK,deg_mos,259,2.3260,2.2820,-0.0440
DOUBLETALK,deg_mos,260,2.9910,2.9840,-0.0070
DOUBLETALK,deg_mos,261,2.6200,2.6110,-0.0090
DOUBLETALK,deg_mos,262,2.0460,2.0350,-0.0110
DOUBLETALK,deg_mos,263,2.0330,2.0480,+0.0150
DOUBLETALK,deg_mos,264,2.7580,2.8170,+0.0590
DOUBLETALK,deg_mos,265,1.8790,1.8810,+0.0020
DOUBLETALK,deg_mos,266,3.0170,2.9870,-0.0300
DOUBLETALK,deg_mos,267,2.0540,1.9910,-0.0630
DOUBLETALK,deg_mos,268,3.0110,3.0200,+0.0090
DOUBLETALK,deg_mos,269,2.6280,2.6130,-0.0150
DOUBLETALK,deg_mos,270,2.3350,2.3160,-0.0190
DOUBLETALK,deg_mos,271,2.1950,2.2610,+0.0660
DOUBLETALK,deg_mos,272,2.3970,2.4250,+0.0280
DOUBLETALK,deg_mos,273,1.6230,1.6480,+0.0250
DOUBLETALK,deg_mos,274,2.6930,2.7170,+0.0240
DOUBLETALK,deg_mos,275,1.6730,1.7160,+0.0430
DOUBLETALK,deg_mos,276,2.3070,2.3260,+0.0190
DOUBLETALK,deg_mos,277,3.3820,3.3780,-0.0040
DOUBLETALK,deg_mos,278,2.0850,2.1210,+0.0360
DOUBLETALK,deg_mos,279,1.3480,1.4100,+0.0620
DOUBLETALK,deg_mos,280,1.3030,1.3050,+0.0020
DOUBLETALK,deg_mos,281,3.5400,3.5220,-0.0180
DOUBLETALK,deg_mos,282,2.2500,2.2840,+0.0340
DOUBLETALK,deg_mos,283,2.3510,2.3770,+0.0260
DOUBLETALK,deg_mos,284,3.1450,3.1430,-0.0020
DOUBLETALK,deg_mos,285,3.3460,3.3410,-0.0050
DOUBLETALK,deg_mos,286,2.3760,2.4120,+0.0360
DOUBLETALK,deg_mos,287,3.3520,3.3490,-0.0030
DOUBLETALK,deg_mos,288,1.9050,1.9550,+0.0500
DOUBLETALK,deg_mos,289,1.3590,1.3500,-0.0090
DOUBLETALK,deg_mos,290,1.6760,1.6330,-0.0430
DOUBLETALK,deg_mos,291,2.6180,2.6200,+0.0020
DOUBLETALK,deg_mos,292,2.9450,2.9780,+0.0330
DOUBLETALK,deg_mos,293,1.8020,1.8080,+0.0060
DOUBLETALK,deg_mos,294,1.5060,1.4910,-0.0150
DOUBLETALK,deg_mos,295,2.6860,2.6480,-0.0380
DOUBLETALK,deg_mos,296,1.9750,1.9940,+0.0190
DOUBLETALK,deg_mos,297,2.7090,2.7060,-0.0030
DOUBLETALK,deg_mos,298,2.6610,2.6510,-0.0100
DOUBLETALK,deg_mos,299,2.5120,2.4880,-0.0240
