file_id,scenario,ours_echo,ours_deg,linear_echo,linear_deg,aec2_echo,aec2_deg,aec3_echo,aec3_deg
0I0XMl3M0ECO0U1N0cJvpg_with_movement,farend_singletalk,4.0885,4.9986,4.0389,4.999,4.2764,4.9996,4.296,4.9985
0KjzXA3g20qsd8zmSekADw,farend_singletalk,3.8418,4.9999,2.2776,5.0,4.499,4.9988,3.9359,4.9984
0luXwWjGEEC9G5nf0yTVXw_with_movement,farend_singletalk,2.259,4.9999,1.5128,5.0,3.3736,4.9997,3.0313,5.0
1fvt8ajGxk2OhS7UglBjoA,farend_singletalk,3.4938,4.9999,2.4047,5.0,1.8826,5.0,3.8508,4.9994
3UAwzzOa40aCXQAmEdpwww_with_movement,farend_singletalk,3.0307,4.9997,2.5767,5.0,2.7505,4.9999,3.5388,4.9998
49DamGOwmUWGCn23bmI8xw,farend_singletalk,4.1244,4.9995,3.1898,5.0,1.9945,5.0,4.3917,4.9976
49IIo03GZ0CYQOmeA3A0BA,farend_singletalk,3.6525,4.9998,3.2735,4.9997,2.9169,5.0,2.6572,5.0
4pN9yn7mhEa5iDiKnr5jlw_with_movement,farend_singletalk,4.0386,5.0,2.1132,5.0,4.1174,4.9996,4.5468,4.9982
4wYZCudp4Umtu9lVi0304g,farend_singletalk,4.0515,4.9991,2.7609,5.0,4.4423,4.9981,4.3886,4.9981
5bJUo1K3uEmMrGa9UhGyVg_with_movement,farend_singletalk,2.0147,5.0,1.6007,5.0,1.7182,5.0,3.7172,4.9997
60JogIkuEECYHrwVT3UYwg,farend_singletalk,2.2773,5.0,2.305,5.0,2.3159,5.0,3.3643,4.9998
7GTxyTksSUqCnP5y0ILG4A,farend_singletalk,1.3806,5.0,1.4213,5.0,1.5085,5.0,1.7493,5.0
8KO3KPpljkiwh06qjaVdWw,farend_singletalk,3.5247,4.9994,2.8255,4.9999,3.4709,4.999,3.7592,4.9993
9bSnA8CNBUSsJeIVCELzSQ,farend_singletalk,2.1089,5.0,1.6895,5.0,1.6393,5.0,3.9706,4.9984
9xjhiFbGo06hdQIsHTS6qA,farend_singletalk,1.5365,5.0,1.5001,5.0,3.1941,5.0,3.4425,4.9999
BYRb7rMHZUOVwHO90KRg9Q_with_movement,farend_singletalk,3.9407,4.9987,3.3669,4.9998,3.0344,4.9999,4.2603,4.9978
DS5pS5fZwEG4X0NNifTh0w,farend_singletalk,1.6904,5.0,1.8657,5.0,1.7291,5.0,3.4312,4.9998
Fi80N5kW9U6nwaoS04O3vQ_with_movement,farend_singletalk,3.8419,4.9998,1.8117,5.0,2.3067,5.0,3.3659,4.9998
G04O5YNkmkSzDB28fSacyg,farend_singletalk,2.9223,5.0,1.9235,5.0,4.4205,4.9986,4.2302,4.9979
GDyfzBkhxEiDbnRZGGOrQQ,farend_singletalk,2.0891,5.0,1.9097,5.0,4.0759,4.9986,3.1988,4.9999
Gsy0lC5QSUi540hiax9XtA,farend_singletalk,1.5695,5.0,1.5563,5.0,2.4667,5.0,2.8343,5.0
HAxmF7v4dE0itSp5R5B3Dw,farend_singletalk,2.9045,4.9999,2.0804,5.0,4.0641,4.998,4.367,4.9983
HIMqDWjSoECJFtIP0TM9bg,farend_singletalk,3.7302,4.9998,2.761,5.0,4.8532,4.9993,4.648,4.9992
Hp5g1asacUCt5rJVLO1FuQ_with_movement,farend_singletalk,3.8757,4.9995,2.985,5.0,4.5838,4.9988,4.4379,4.9985
Hq00pd6Ey0mGtuMFRoF79w_with_movement,farend_singletalk,2.2638,5.0,1.7895,5.0,3.4925,4.9994,4.0849,4.999
I2bme08keUmAnyJRKNYDGQ,farend_singletalk,4.1301,4.9995,4.0078,4.9999,4.686,4.9991,4.2844,4.9991
I2bme08keUmAnyJRKNYDGQ_with_movement,farend_singletalk,3.7144,4.9999,2.1817,5.0,4.546,4.9988,4.3104,4.9992
IP5Pznnj10qkIqqrGMFGMg,farend_singletalk,3.7866,5.0,2.8747,5.0,4.0914,4.9991,3.2661,4.9999
IUp2c0A4yEyttmLfJ3t0Xw,farend_singletalk,4.1328,4.9995,3.7718,5.0,4.7831,4.9993,4.7188,4.9994
IqtJR4tjJkWrwUjYorz0Og_with_movement,farend_singletalk,2.7407,5.0,2.105,5.0,2.0593,5.0,3.7892,4.9999
IrQvqOTCmEWMXn9k2ICtRQ,farend_singletalk,1.7753,5.0,1.7416,5.0,1.5375,5.0,2.6749,5.0
IrQvqOTCmEWMXn9k2ICtRQ_with_movement,farend_singletalk,1.9376,5.0,1.6899,5.0,3.3653,4.9999,2.9604,5.0
Ix0dosKZuEadndFeuhqpvQ,farend_singletalk,3.6137,4.999,3.6718,4.9996,4.403,4.9986,4.3408,4.9983
Ixf70mgKwkCoFYq32586cw_with_movement,farend_singletalk,3.8757,4.9993,2.0823,5.0,4.5571,4.999,4.1977,4.9988
IxgmaPghzUGnR6sxrbGU3Q,farend_singletalk,2.3319,5.0,2.2984,5.0,4.6373,4.9993,4.1847,4.9992
JJ1abErD8USzCkA9Oosd1Q,farend_singletalk,3.7897,4.9995,3.1847,5.0,2.0262,5.0,4.5161,4.9984
JLNgGcvTNEqbTDbc28wLkg,farend_singletalk,1.7785,5.0,1.7881,5.0,4.3849,4.9987,3.6048,4.9994
JTlOYE0ckEqENX83rxjl0Q,farend_singletalk,2.3103,5.0,2.1676,5.0,4.5927,4.9986,4.2417,4.9991
Ja8OngfthkOCmL8ldcRNyg_with_movement,farend_singletalk,2.6255,5.0,2.5121,5.0,4.7417,4.999,4.5781,4.9994
Je6gJ7y1PECStwxnrOe9aA_with_movement,farend_singletalk,4.1855,4.9997,2.7025,5.0,4.7566,4.9993,4.6808,4.9991
JjCzlhn3gEiBQvfJtPNJ9A_with_movement,farend_singletalk,1.8549,5.0,1.7477,5.0,4.4323,4.9984,4.016,4.9999
JteZUZ4JYkeD4k2rcVbqHg,farend_singletalk,1.8508,5.0,1.8077,5.0,4.025,4.9989,4.0729,4.9989
JtodX3Ug6Eu5TYu0HN5IOw,farend_singletalk,1.4573,5.0,1.4283,5.0,1.3545,5.0,1.7331,5.0
JtodX3Ug6Eu5TYu0HN5IOw_with_movement,farend_singletalk,2.3548,5.0,1.8489,5.0,1.9927,5.0,2.2259,5.0
KOy0eftktkuJf180xtXudg,farend_singletalk,3.7687,4.9998,4.1395,4.9995,4.7101,4.9985,4.5812,4.9987
KSN5Jrzo7kaixP0z8xfr4Q,farend_singletalk,2.9776,5.0,1.7276,5.0,4.2337,4.9982,3.1582,4.9999
KSN5Jrzo7kaixP0z8xfr4Q_with_movement,farend_singletalk,3.0853,4.9999,2.2458,5.0,4.2432,4.9981,4.04,4.9991
KgCF0xsN8EibTdJ2Yac2dw_with_movement,farend_singletalk,4.2464,4.9993,4.314,4.9997,4.6039,4.9994,4.2816,4.9995
KgZ0y2EQJ0a4jvtsznBrvw,farend_singletalk,3.6501,4.9989,2.9117,4.9998,2.3917,5.0,4.052,4.9986
Khk1qeMXFUuvFhw3YRSm0w,farend_singletalk,3.3638,4.9995,3.1191,5.0,4.4794,4.9991,4.5866,4.9988
Khk1qeMXFUuvFhw3YRSm0w_with_movement,farend_singletalk,3.1074,5.0,3.112,5.0,4.3535,4.9985,4.136,4.9991
LHsrJBRGnUKiMC2mihEr0g_with_movement,farend_singletalk,3.0181,4.9999,2.3164,5.0,2.9174,4.9999,2.5789,5.0
LN18k5r8t00C9DulUd809A,farend_singletalk,2.4712,5.0,2.2017,5.0,2.5886,5.0,2.71,5.0
LQhlYoXXiUevFuxMKwWB0Q,farend_singletalk,4.2029,4.9982,3.5832,4.9987,3.2946,4.9995,4.1582,4.9987
LeV1uF4j10Whm0FPG80tmw,farend_singletalk,2.3649,5.0,2.2971,5.0,3.1594,4.9999,3.4078,4.9998
LeV1uF4j10Whm0FPG80tmw_with_movement,farend_singletalk,2.2667,5.0,1.6275,5.0,3.0108,4.9998,3.2709,4.9995
Lsa5WpwTpUeb7C9dc9RXuQ,farend_singletalk,3.1172,5.0,2.4517,5.0,3.8098,4.9986,3.9221,4.999
Lsa5WpwTpUeb7C9dc9RXuQ_with_movement,farend_singletalk,2.8579,5.0,2.0762,5.0,3.7717,4.9997,3.4221,4.9998
ML4MF3Mea0yurjceNQPfNA_with_movement,farend_singletalk,2.5702,5.0,1.9695,5.0,4.168,4.9971,4.1523,4.9974
MYrVxVEMxkaE7OuyTUmI0Q_with_movement,farend_singletalk,2.8693,4.9997,2.1299,5.0,3.9447,4.9979,3.8912,4.9978
MeQ3WL4hykKuT2761h0xFg,farend_singletalk,2.9214,4.9999,2.2288,5.0,4.3532,4.9987,4.3529,4.9981
MkSLte0FTkqybGcLTwA3Tw_with_movement,farend_singletalk,4.2618,4.9996,2.616,5.0,2.4351,5.0,3.8362,4.9997
MnzrTJXYiUCPRMjVzLk25w,farend_singletalk,3.1821,4.9999,1.9017,5.0,4.301,4.9995,3.9683,4.9994
N2rQLbnp2UOg2QFRaggbDw,farend_singletalk,2.0444,5.0,2.0066,5.0,1.8644,5.0,3.9696,4.9986
N2rQLbnp2UOg2QFRaggbDw_with_movement,farend_singletalk,3.1597,4.9998,2.0569,5.0,1.9926,5.0,4.1718,4.9986
N94NwopiZEyNnraWHLMDcg_with_movement,farend_singletalk,4.0141,4.9993,2.7021,5.0,4.6739,4.9989,4.7094,4.9991
NN7yhG2XTEqq46X8X0yLfA,farend_singletalk,3.9884,4.9998,3.3913,5.0,4.6318,4.9985,4.3975,4.9982
NNdxDj6FEk6CAwvbW01bUg,farend_singletalk,2.7484,4.9999,3.0737,4.9999,4.353,4.9979,4.1615,4.9992
NSdFS8g1dkCCAMRgHWLILQ,farend_singletalk,2.8334,5.0,2.5423,5.0,3.572,4.9993,4.1317,4.9985
NY3kZioAm0KwR45wIVe2Sg,farend_singletalk,3.3885,5.0,1.7,5.0,4.8582,4.9998,4.6725,4.9993
Nhk0I6UHKkaUguACs1mHNg_with_movement,farend_singletalk,4.1666,4.9992,4.0216,4.9996,4.4733,4.9988,4.4349,4.9987
NjVSdrdPXU2mB5uiecGSjg,farend_singletalk,3.311,4.9999,2.868,5.0,2.7318,5.0,3.3889,4.9994
OLjlc92QWU6fwuN4ytCPQg,farend_singletalk,3.3307,4.9999,2.812,5.0,2.0265,5.0,4.2676,4.9979
OX2l6zV7nkmmSkVA3ETLKg_with_movement,farend_singletalk,3.3414,4.9998,2.3493,5.0,3.0564,4.9999,3.5966,4.9998
OXCtw0FVhUWGUBil6Uucdw,farend_singletalk,2.0884,5.0,2.2967,5.0,1.9152,5.0,4.2468,4.9989
OXCtw0FVhUWGUBil6Uucdw_with_movement,farend_singletalk,2.1661,5.0,2.1983,5.0,2.0959,5.0,2.4165,5.0
OdwS7WlBfkOvzXwkYsUC9Q,farend_singletalk,2.7655,5.0,2.4141,5.0,1.4923,5.0,4.3998,4.9981
OjdIdZgJDk6hLAQL07KORA,farend_singletalk,4.0237,4.9999,2.6653,5.0,4.4777,4.9992,4.6162,4.9993
OmB0Ht0hmE2crVnftAEtsw_with_movement,farend_singletalk,4.0734,4.9995,3.5208,5.0,4.8068,4.9987,4.2291,4.9992
OwkV685H2Em8jjTOAbhbow_with_movement,farend_singletalk,2.7711,5.0,2.7338,5.0,2.5368,5.0,3.3713,4.9999
P10GsQvhskKx3fB06Zv4Yg,farend_singletalk,3.4745,4.9999,3.5079,5.0,3.2169,4.9999,3.5892,4.9999
PXfMWCKVykukw7Se9Aq7wQ,farend_singletalk,4.4804,4.9985,3.8546,4.9998,4.0836,4.9995,3.3789,4.9999
PXfMWCKVykukw7Se9Aq7wQ_with_movement,farend_singletalk,4.4132,4.9997,4.1948,4.9999,3.5443,4.9997,2.9447,5.0
PYGYvZSlIUuUakjw9XwS9g,farend_singletalk,3.1572,5.0,2.1954,5.0,4.6293,4.9991,4.5496,4.999
PZ7V0SfxUkem4IalTp1YgA,farend_singletalk,2.3289,5.0,1.9681,5.0,3.2453,4.9997,3.9104,4.9995
Pu8CtSffMUiINQAhSKvlfw,farend_singletalk,4.3873,4.9993,4.3414,4.9995,4.5194,4.999,4.417,4.999
QEeKiaNiDECfqXTRrDFWWw,farend_singletalk,2.7716,5.0,2.2188,5.0,4.3667,4.9987,3.6176,4.9995
QEeKiaNiDECfqXTRrDFWWw_with_movement,farend_singletalk,2.4898,5.0,2.2184,5.0,4.4722,4.9985,4.3497,4.9982
QHbI00BzQUeUGwd1ohan2g_with_movement,farend_singletalk,2.8881,5.0,2.0763,5.0,4.3217,4.9986,4.3232,4.999
QK70KpLuZ0O43BBSWEZvHg,farend_singletalk,3.5262,4.9997,3.3111,4.9999,2.0077,5.0,3.9052,4.9995
QK70KpLuZ0O43BBSWEZvHg_with_movement,farend_singletalk,4.3376,4.999,4.059,4.9998,2.2566,5.0,4.083,4.9988
QYHsugUAcUWEQ9WghnG0Jw,farend_singletalk,1.7796,5.0,1.5896,5.0,1.7711,5.0,3.3821,4.9998
QkRkwwFKVEar0WtcuvJsZg_with_movement,farend_singletalk,3.4174,4.9999,2.3172,5.0,2.8793,4.9999,4.3454,4.9984
RfcTSll2jkeFs0zu0009dQ,farend_singletalk,4.2732,4.9993,2.7743,5.0,4.3898,4.9999,4.68,4.999
S22FCqKDWUyymN1YbpItIw,farend_singletalk,1.4886,5.0,1.4407,5.0,1.5231,5.0,1.9084,5.0
S22FCqKDWUyymN1YbpItIw_with_movement,farend_singletalk,2.1118,5.0,1.9117,5.0,1.8553,5.0,1.7394,5.0
S5cyhx02u00eJzrHTxVTwQ,farend_singletalk,2.6823,4.9999,2.5721,5.0,2.1841,5.0,4.0986,4.9975
SFvlSygv4ke9wCrv8LWvYQ,farend_singletalk,2.4915,5.0,2.5795,5.0,3.6665,4.9996,4.1123,4.9982
SR68lGQwTUy508j0P8BKZQ,farend_singletalk,3.3777,4.9992,2.5318,5.0,4.2854,4.9983,3.5444,4.9989
SUYzW4QT30yxKUq7OGvZKg,farend_singletalk,3.0605,5.0,2.9064,5.0,4.367,4.9985,3.8814,4.9994
SgKY30fjT0G8e3kQL0RHSQ_with_movement,farend_singletalk,2.7131,5.0,2.2807,5.0,2.3719,5.0,3.4478,4.9999
SvVpGsVXY0WeklKK5tnI3Q,farend_singletalk,3.8741,4.9998,2.3475,5.0,2.21,5.0,4.0756,4.9986
SwfEwuGDlkWYy9pb4H00eQ_with_movement,farend_singletalk,4.0824,4.9995,3.239,5.0,4.1902,4.9992,4.5102,4.999
T05uoZohjECBcTX00Mne6A,farend_singletalk,4.3451,4.9992,4.108,4.9997,4.5041,4.9992,4.3197,4.9988
TGZ5Wq0SCUCOXPsfee3uMQ_with_movement,farend_singletalk,1.5294,5.0,1.5148,5.0,3.3902,4.9997,3.5597,4.9996
TRSNunEou0aqmBCGIC8B7A_with_movement,farend_singletalk,4.1041,4.9995,2.814,5.0,2.6275,5.0,4.0677,4.9976
TZ6TJFCbfkKAVrS64Sf08Q,farend_singletalk,2.1222,5.0,1.6944,5.0,2.9204,4.9999,3.2197,4.9998
TcuegeGKL06ysmFP0RxjyQ,farend_singletalk,1.9605,5.0,1.7469,5.0,2.0698,5.0,3.1964,4.9999
Tgtk8jp1zkqmKzsmdrKt0g,farend_singletalk,4.0952,4.9999,3.8006,5.0,2.173,5.0,4.493,4.9991
Tgtk8jp1zkqmKzsmdrKt0g_with_movement,farend_singletalk,4.2846,4.9995,3.8761,5.0,2.0807,5.0,4.2223,4.9989
U70FA4mdkEu0FDuj0nTBdA,farend_singletalk,4.0665,4.9987,2.5507,5.0,3.0806,4.9998,2.945,4.9999
Uc4dmejgWUCTvn0XZbMTBw_with_movement,farend_singletalk,4.4109,4.9994,2.4232,5.0,4.7077,4.9991,4.6183,4.9992
UmlD9X38NECNoJKm0oyf4w,farend_singletalk,4.6323,4.9997,4.2384,5.0,4.7784,4.9996,4.6346,4.9993
V0JqgjlrB0Ke9y91r0rxNw,farend_singletalk,3.4868,5.0,2.6793,5.0,3.9627,4.9999,2.7981,5.0
V0JqgjlrB0Ke9y91r0rxNw_with_movement,farend_singletalk,4.3308,4.9993,3.7058,4.9999,4.1144,4.9991,4.0674,4.9995
V6Mw0Ti8RUSkzvMGB4WGiw_with_movement,farend_singletalk,3.3022,4.9998,3.3043,4.9999,4.1546,4.9996,4.5095,4.9985
VGlWeOPC6UiXSq4SYPiKpw,farend_singletalk,3.1369,4.9999,2.109,5.0,4.5181,4.9992,4.105,4.9985
VJfVUwJs4k25ziMNvJb43A,farend_singletalk,2.2004,5.0,2.0401,5.0,3.9241,4.9999,4.0522,4.9994
VJfVUwJs4k25ziMNvJb43A_with_movement,farend_singletalk,2.0611,5.0,1.8153,5.0,4.2964,4.9991,4.006,4.9997
VNgRsWxMdkaUx1gKV9W1Zw_with_movement,farend_singletalk,2.0106,5.0,1.84,5.0,4.1214,4.9982,3.8879,4.9995
VNkNShj97UajHDVbSmIG0g,farend_singletalk,3.8559,5.0,3.1036,5.0,1.8349,5.0,4.277,4.9993
VNkNShj97UajHDVbSmIG0g_with_movement,farend_singletalk,2.2811,5.0,2.4037,5.0,2.1599,5.0,3.871,4.9996
VgSXlJJEI02dytkMm5UTzA_with_movement,farend_singletalk,2.4354,5.0,1.5676,5.0,3.981,4.9999,4.3651,4.9989
VtEW0vwTO0eEQaCBSfjjnQ,farend_singletalk,3.2563,4.9999,2.9884,4.9999,4.3231,4.9982,4.2194,4.9981
WCLKkH4DiEmAHQue4iNyOA,farend_singletalk,4.1021,4.9989,3.098,4.9997,2.3775,5.0,4.2333,4.998
WH0jN3PY40es2S0LsxmkkQ,farend_singletalk,4.1949,4.9988,4.3347,4.9982,4.276,4.9995,4.1849,4.9996
WH0jN3PY40es2S0LsxmkkQ_with_movement,farend_singletalk,2.0035,5.0,1.5845,5.0,3.2979,4.9999,3.8149,4.9995
WJC7Ri8s0E2qIrgvcXtoiQ_with_movement,farend_singletalk,3.5941,5.0,3.2839,5.0,2.3105,5.0,3.9992,4.9988
WTdBhXa080WJEeGDde9BGA,farend_singletalk,1.9012,5.0,1.5008,5.0,4.0718,4.999,3.8004,4.9994
WYKA2zSbcE2gRBPHvMLQZw_with_movement,farend_singletalk,2.5702,5.0,2.2168,5.0,2.4202,5.0,4.316,4.9984
WYL1JerbOUOrmO9aC2fbgA,farend_singletalk,4.1646,4.9997,2.9374,5.0,4.5632,4.9991,4.5845,4.9991
X70ilGSHZU0x8DliEgU4Zw,farend_singletalk,2.7479,4.9999,2.1184,5.0,4.3229,4.9996,4.4342,4.9989
XNOJLHM8e0aUHP4rWEAAtQ,farend_singletalk,2.8254,5.0,2.7538,5.0,2.3628,5.0,3.1888,5.0
XTqo1aOXDEiqyWTFK99I5Q,farend_singletalk,1.4895,5.0,1.5983,5.0,1.4184,5.0,1.9103,5.0
XTqo1aOXDEiqyWTFK99I5Q_with_movement,farend_singletalk,1.9297,5.0,1.3891,5.0,1.3543,5.0,1.8431,5.0
XXz0qkUSd0GT4dsywxpfJg,farend_singletalk,1.9568,5.0,1.3695,5.0,2.785,5.0,3.1647,5.0
XXz0qkUSd0GT4dsywxpfJg_with_movement,farend_singletalk,2.8299,4.9999,1.5181,5.0,2.4918,5.0,2.034,5.0
XoP0KjC4G0W1SCRtg9l0LQ,farend_singletalk,2.2704,5.0,1.608,5.0,2.0457,5.0,3.4763,4.9996
XuguA1uJAE0bWT0xXRDdeA,farend_singletalk,2.4139,5.0,2.1651,5.0,3.6046,4.999,3.8497,4.9987
XuguA1uJAE0bWT0xXRDdeA_with_movement,farend_singletalk,2.2319,5.0,1.4439,5.0,3.8417,4.9995,3.783,4.9991
Xv7jH2KcBEWqdpbT000HQA_with_movement,farend_singletalk,2.3376,5.0,2.4433,5.0,4.4523,4.9993,4.1186,4.9996
Y4zG6bHup06zWMoq3OvZqQ,farend_singletalk,4.0299,4.9995,3.6611,4.9999,4.3907,4.9984,4.3934,4.9987
Y5Xx0GOZs0SmryzlY1KC2Q,farend_singletalk,3.494,5.0,2.6267,5.0,2.3801,5.0,3.8195,4.9987
Y7w0W4v9BEihm8Z06BxZfQ,farend_singletalk,4.496,4.9995,4.1443,4.9999,4.6973,4.9992,4.798,4.9996
Y91uE2tRg0SUB2a9XjT30w,farend_singletalk,2.2609,5.0,2.3451,5.0,3.8452,4.9994,4.1677,4.9987
Y91uE2tRg0SUB2a9XjT30w_with_movement,farend_singletalk,2.4243,5.0,2.0524,5.0,3.883,4.9985,2.6851,4.9999
ZBc1WgCwmEa2M5gKDuVWkw_with_movement,farend_singletalk,4.2629,4.9974,4.0939,4.9986,2.9239,4.9999,3.9842,4.9997
ZJYUt0O0AEKSQ9LJ8z7t0A_with_movement,farend_singletalk,2.4712,5.0,2.1732,5.0,4.1449,4.9987,3.6076,4.9999
ZWq0X5sPiUe0lQjZdCPSeQ_with_movement,farend_singletalk,2.3043,5.0,1.7112,5.0,2.5557,5.0,2.7585,4.9999
ZtGitIxrzU0ILwu0HACaaw,farend_singletalk,2.0945,5.0,2.0552,5.0,3.6997,4.9993,4.4217,4.9985
afHuFvflAkaH7Pr85kheUQ_with_movement,farend_singletalk,3.8944,4.9995,4.0113,4.9994,2.9465,5.0,3.5811,4.9997
geGGo8g9UE2MYkdjxtHm8w,farend_singletalk,1.9265,5.0,1.9123,5.0,2.2549,5.0,2.3157,5.0
hF9Lfjcn9kGQ4430uAbINA_with_movement,farend_singletalk,2.7121,5.0,2.3542,5.0,4.3037,4.9986,4.4564,4.9986
hVqUmGvIlkO0LBUoE06Q3w,farend_singletalk,1.8719,5.0,1.8952,5.0,1.8003,5.0,3.2356,5.0
hVqUmGvIlkO0LBUoE06Q3w_with_movement,farend_singletalk,3.7211,4.9999,1.8778,5.0,1.7656,5.0,3.7665,4.9809
hv6KFnvhVE01rd9Ax1iefw,farend_singletalk,2.6882,5.0,2.3405,5.0,2.3836,5.0,3.6003,4.9997
hvY1v0viv0yMdAXKa2y1aw_with_movement,farend_singletalk,4.258,4.9996,4.0722,4.9999,4.7453,4.999,4.576,4.9989
i2BU43nmM00qbI1MKr2njQ_with_movement,farend_singletalk,2.5461,5.0,3.5287,5.0,4.3192,4.9986,4.1412,4.9983
i5yPCuiuVkOi4vHMfmLdRw,farend_singletalk,3.4998,4.9997,2.2305,5.0,3.439,4.9989,4.2253,4.9991
iOyPaxX11UOaUkcscKhq1A,farend_singletalk,1.8917,5.0,1.7522,5.0,3.3152,4.9995,4.2354,4.9982
iOyPaxX11UOaUkcscKhq1A_with_movement,farend_singletalk,2.0147,5.0,2.0637,5.0,4.2664,4.9977,3.4187,4.9998
it28X10JfUOAHjBiv6JIwA_with_movement,farend_singletalk,2.9263,4.9999,2.904,4.9999,2.5204,5.0,4.0918,4.998
iyuYIcszXku7BWYOOwqh5Q_with_movement,farend_singletalk,4.1071,4.9993,3.1902,5.0,4.5221,4.9989,4.0962,4.999
j0awp3hXrkCSqhR748U3iQ,farend_singletalk,2.7816,5.0,1.8777,5.0,4.3244,4.9992,4.0257,4.9993
jZfooJf57k24ANUbn1Vv0Q_with_movement,farend_singletalk,3.6458,4.9997,4.0423,4.9997,4.4545,4.9991,4.4782,4.999
jtYTdZm3lUmFVNibJWq8YQ_with_movement,farend_singletalk,4.3578,4.9994,4.0629,4.9998,4.5822,4.9988,4.5086,4.9981
kGFOHthwrUWqHCLkBYIQnA_with_movement,farend_singletalk,4.2764,4.9998,4.1928,5.0,4.4224,4.999,4.2045,4.9988
kHsrUmyfT0O0RYtusGuQyQ_with_movement,farend_singletalk,2.3671,5.0,2.9002,5.0,4.0749,4.9964,4.0268,4.9979
kOGPX6kHskOaKSZdLGNz8A_with_movement,farend_singletalk,2.4352,5.0,1.7992,5.0,4.8535,4.9993,4.0996,4.9993
kOtW70qgikKm0F9OEQw22A,farend_singletalk,3.9015,4.999,3.6596,4.9997,3.3872,4.9997,4.0836,4.9981
kZogUfYct0qMwSqvRTwOVg,farend_singletalk,3.8278,4.9997,2.7859,5.0,4.7535,4.9991,4.4808,4.9986
kZogUfYct0qMwSqvRTwOVg_with_movement,farend_singletalk,2.8687,4.9999,2.3136,5.0,4.3828,4.9983,4.2677,4.9978
kg9YJVP17k2YTFuPQTOsdA_with_movement,farend_singletalk,3.6404,4.9998,2.6686,5.0,3.9406,4.9996,3.6355,4.9997
khqZY41lNEyIvMf2ZNJuVA,farend_singletalk,2.2157,5.0,1.5978,5.0,1.833,5.0,2.4069,5.0
khqZY41lNEyIvMf2ZNJuVA_with_movement,farend_singletalk,3.9974,4.9995,3.5356,5.0,2.1721,5.0,3.5803,4.9998
knHK8NbAlESKGG4ZVuPOLg,farend_singletalk,4.272,4.9991,4.3934,4.999,4.4108,4.9983,4.3616,4.999
ksP3OuSnpUa9Si2ttiUSoA,farend_singletalk,3.0385,5.0,1.72,5.0,4.2666,4.9977,3.581,4.9986
kwolfjBXWEOJmdbDdFoTVQ_with_movement,farend_singletalk,3.2782,4.9998,1.961,5.0,3.0296,4.9999,4.3503,4.998
kz23X4pDSEiPmWtw2Qx00Q_with_movement,farend_singletalk,4.2157,4.9996,4.0126,5.0,4.4089,4.9983,4.3706,4.9989
lADqddZVJk0eTbkQMpcklA,farend_singletalk,3.3321,4.9997,2.9074,5.0,4.4759,4.9987,4.4198,4.999
lH20r2skzU02a647xYoFoA_with_movement,farend_singletalk,4.1776,4.9998,3.0928,5.0,2.8092,5.0,3.0172,5.0
lV0kQN0hR0ySmE0bQhuYbw,farend_singletalk,1.9705,5.0,1.8045,5.0,3.9157,4.9995,3.476,4.9995
lV0kQN0hR0ySmE0bQhuYbw_with_movement,farend_singletalk,2.5521,5.0,1.9084,5.0,4.3122,4.9972,3.3015,5.0
lxLsvT1rY0mdtZuRogM06Q_with_movement,farend_singletalk,3.8586,4.9998,2.656,5.0,3.974,4.9986,4.3596,4.9981
lzEZpNXmy0KWtSGT6td00g_with_movement,farend_singletalk,2.8919,5.0,1.8465,5.0,4.3127,4.9984,4.0887,4.9994
m4789fdio0q92zjf9gvh1Q,farend_singletalk,2.0523,5.0,2.027,5.0,3.808,4.9996,4.1278,4.9994
m4789fdio0q92zjf9gvh1Q_with_movement,farend_singletalk,1.856,5.0,2.0012,5.0,3.124,5.0,4.08,4.9995
m5uBFyhN5UCVODFvL0KOeQ,farend_singletalk,3.3879,5.0,2.2418,5.0,4.4539,4.9986,3.9678,4.9991
m6ciKvH6AEe7Yi2ptKjj1g_with_movement,farend_singletalk,3.749,4.9999,2.4822,5.0,4.1768,4.9989,4.1715,4.9989
mXBFE85N5k0h4w4eGtM17A,farend_singletalk,4.3943,4.9998,4.1744,5.0,4.6795,4.9991,4.6466,4.999
mXuYaMbcZka0TpdHDdTlWA,farend_singletalk,2.0964,5.0,2.0774,5.0,2.1834,5.0,3.4075,4.9997
mXuYaMbcZka0TpdHDdTlWA_with_movement,farend_singletalk,3.9178,4.9987,2.3224,5.0,2.5372,4.9999,4.105,4.9985
mbAwA5FV000w0PrVhoYsng,farend_singletalk,4.5906,4.9996,4.2103,4.9999,4.5625,4.9991,4.5574,4.999
mljUO9k4gUiYCHgXSsfo5A_with_movement,farend_singletalk,3.9507,4.9995,3.9672,4.9998,2.6242,5.0,4.2039,4.9978
mrmDEdQMpk6hJnMqn59pOQ,farend_singletalk,3.4185,4.9999,2.2426,5.0,4.4299,4.9985,4.3431,4.999
n1ikw2tG8k08ElWNxbamcw_with_movement,farend_singletalk,4.194,4.9994,2.0011,5.0,4.5869,4.9989,4.5476,4.9987
nV9v63E5CUKtKTjha8dtdQ_with_movement,farend_singletalk,2.9496,4.9999,1.7688,5.0,2.5331,5.0,2.3389,5.0
nVUnxqHLr0GTN7shWid1Ow,farend_singletalk,3.0652,4.9999,2.6863,5.0,4.2614,4.9978,4.1132,4.9978
nZQu09pizke3LNOn6uaU0A,farend_singletalk,4.1342,4.9992,4.1627,4.9993,4.5465,4.9986,4.5091,4.9985
nlSSRl4k50Gq2mIRYlMBCg_with_movement,farend_singletalk,2.781,5.0,2.0154,5.0,4.494,4.9983,3.8897,4.9987
nyT6FUUdu0W8UpvjP1rRgQ_with_movement,farend_singletalk,3.3567,5.0,3.5206,5.0,2.0594,5.0,3.7812,4.9996
o2wfdvOGwU6M8Fmn2dCvOA,farend_singletalk,2.3496,5.0,2.026,5.0,2.4897,5.0,3.5353,4.9998
o7yLy0sI9kCpV0HgSDfL8A,farend_singletalk,2.1555,5.0,1.948,5.0,3.5798,4.9994,3.6135,4.9997
o97uExi7MEqzbanuWK6CCw,farend_singletalk,2.0339,5.0,1.9063,5.0,1.957,5.0,2.8702,5.0
oEyXuSCCw0qdJ0J16FGfcQ,farend_singletalk,2.4211,5.0,2.024,5.0,3.8479,4.9985,4.0755,4.9976
oQK3bVihI0qel9As840Zzw_with_movement,farend_singletalk,2.2804,5.0,1.7499,5.0,4.1836,4.998,4.3311,4.9984
oc0eVAlCbEiTTPNZmV4pMQ,farend_singletalk,2.4943,5.0,2.1253,5.0,4.3118,4.9989,4.5079,4.9987
ogDXK0NV0EuImVvsG9kG9w_with_movement,farend_singletalk,2.5729,5.0,2.113,5.0,4.4966,4.9985,4.4758,4.9986
orvXZE0juUeRPAAdjZSqoA,farend_singletalk,2.3023,5.0,2.0455,5.0,1.9315,5.0,3.1286,5.0
oxSdYr0mzESqEpSyHlztug_with_movement,farend_singletalk,2.6994,4.9999,2.1511,5.0,2.6326,5.0,3.2844,5.0
p0mhFbhV6kGJgjd0RTTIIw,farend_singletalk,3.806,4.9999,3.9728,4.9999,4.5473,4.9993,4.6147,4.9993
pG9Bikvr40Ct1kUtch95kw_with_movement,farend_singletalk,3.1828,5.0,3.1417,5.0,4.4991,4.9984,4.1828,4.9997
pPBidi8oyUarZCGUrKJEsg,farend_singletalk,4.403,4.9984,4.0745,5.0,4.859,4.9997,4.8519,4.9998
pU21kfoo0UOz0fPMJFfydg,farend_singletalk,2.0515,5.0,1.8931,5.0,2.3461,5.0,3.1854,4.9999
pcb1Nh0Z3k0WS9a7gBEuqg,farend_singletalk,1.8458,5.0,1.6354,5.0,1.5672,5.0,2.9819,4.9993
pmzLFdKTzEixfU0l0furvA,farend_singletalk,1.6859,5.0,1.7211,5.0,3.4231,4.9999,2.8707,5.0
pmzLFdKTzEixfU0l0furvA_with_movement,farend_singletalk,2.2361,5.0,2.5523,5.0,1.824,5.0,3.7238,4.9992
qNvSMyUSXUyrDGpOw7s6qg,farend_singletalk,3.4542,4.9993,3.3549,4.9996,3.4658,4.9994,3.5957,4.9985
qVd1gtwQ0k2lVRqPVp1NKQ,farend_singletalk,4.3781,4.9997,4.5245,4.9998,4.7892,4.9997,4.7277,4.9995
qVd1gtwQ0k2lVRqPVp1NKQ_with_movement,farend_singletalk,4.4647,4.9995,4.6507,4.9993,4.8032,4.9997,4.6791,4.9996
qiQL0BUPxk0YtpnP7JGfNg,farend_singletalk,2.9341,5.0,2.4924,5.0,3.9314,4.9988,4.1708,4.9975
qkGW9Frbs0Gq5gdfsztA2g_with_movement,farend_singletalk,3.4216,4.9999,2.2829,5.0,4.2563,4.9977,4.0975,4.9986
ql7yTcebJU20VE5qpW0kCA,farend_singletalk,2.4855,5.0,1.7832,5.0,1.9989,5.0,2.9996,5.0
ql7yTcebJU20VE5qpW0kCA_with_movement,farend_singletalk,3.4042,5.0,2.0255,5.0,1.6651,5.0,4.0068,4.9997
qu84vhur1UaDJPH2eCmMZA,farend_singletalk,2.7513,5.0,2.2988,5.0,4.4616,4.9982,4.1808,4.9987
r7U6JmcRl0ibIh0mN3CP9g,farend_singletalk,2.2741,5.0,2.2898,5.0,4.5087,4.9985,4.594,4.9988
rEVrdY1tHE00AGubEOasVA,farend_singletalk,2.5474,5.0,1.8151,5.0,2.4552,5.0,2.4217,5.0
rOzaUzFu0kKDiJa1qQVoOg,farend_singletalk,4.0788,4.9996,3.6612,5.0,4.4877,4.999,4.3469,4.9986
s0oJqM6Y1UCHSVmHmgsx4Q,farend_singletalk,2.5019,5.0,2.4373,5.0,4.3971,4.9986,4.0268,4.9993
s0oJqM6Y1UCHSVmHmgsx4Q_with_movement,farend_singletalk,2.692,5.0,1.7928,5.0,4.1663,4.9996,4.101,4.9995
s7vP16Fb7kOWXXAmjEs6gg,farend_singletalk,4.4848,4.9993,4.5969,4.9995,4.8434,4.9996,4.8023,4.9996
s90M7MOTBkqaV4nQPLhKbA,farend_singletalk,1.7796,5.0,1.5107,5.0,2.1007,5.0,3.1367,5.0
sKXucFp4FUCJKo5d0G54Og,farend_singletalk,3.13,5.0,1.7729,5.0,4.1786,4.9994,4.2457,4.9989
sKXucFp4FUCJKo5d0G54Og_with_movement,farend_singletalk,3.2977,4.9998,2.4388,5.0,4.0124,4.9977,4.0488,4.9973
sLWe8bfYbkGwX1W3PzI1PQ,farend_singletalk,2.015,5.0,2.0113,5.0,4.0564,4.9992,3.7844,4.9996
sLi810BoekuU3HSx14LT7A,farend_singletalk,4.214,4.9996,4.175,4.9998,2.5766,5.0,4.3089,4.9992
sOoim99qMEqLAe2n3F4JLA,farend_singletalk,3.8922,4.9996,3.7097,4.9999,4.467,4.9985,3.7249,4.9995
sRCs6SKo6kC0xire475q0A,farend_singletalk,4.0408,4.9981,4.0347,4.999,4.0811,4.9982,3.8735,4.9986
sRCs6SKo6kC0xire475q0A_with_movement,farend_singletalk,4.0069,4.9988,3.319,4.9999,2.93,4.9999,3.5583,4.9991
sSC9qgbMXEaS2DtvpALBOQ,farend_singletalk,3.3758,4.9999,2.7254,5.0,4.1643,4.999,4.06,4.9982
sUQrHEPAoEmIvHclpi1tRQ,farend_singletalk,2.234,5.0,1.5817,5.0,1.9139,5.0,2.7045,5.0
sYQK1rJlwU2XCy20n0Sx9g,farend_singletalk,3.0342,5.0,3.0895,5.0,4.3136,4.9977,4.0904,4.9989
sYQK1rJlwU2XCy20n0Sx9g_with_movement,farend_singletalk,2.6757,4.9999,2.9542,5.0,4.5062,4.9989,4.5208,4.9991
sZ9Egg0YjkuD87ykt0O0ng,farend_singletalk,2.5373,5.0,2.329,5.0,4.4275,4.9987,4.0408,4.9988
sZ9Egg0YjkuD87ykt0O0ng_with_movement,farend_singletalk,4.0655,4.9996,4.354,4.9989,4.5822,4.999,4.4439,4.999
sx6mxKBQpkq520m64BwUdQ_with_movement,farend_singletalk,2.4574,5.0,2.0117,5.0,4.1627,4.9977,4.4155,4.9985
t3A1ZgiaeUqQF8dYeYfE6Q,farend_singletalk,3.2279,5.0,2.3206,5.0,2.6095,5.0,4.4724,4.9983
tSwJHBIJ9kyW1RluCeIBOg,farend_singletalk,3.1249,4.9997,2.4006,5.0,2.378,4.9999,4.2849,4.9986
tXQY0lmGekumoTRzAbpt4w_with_movement,farend_singletalk,4.4769,4.9991,4.4808,4.9991,4.5963,4.9986,4.5701,4.9987
tl5UFRCXZkyL6EoWVl09xA,farend_singletalk,3.6464,4.9999,2.2449,5.0,4.2378,4.9986,4.2424,4.9988
tl5UFRCXZkyL6EoWVl09xA_with_movement,farend_singletalk,3.6355,4.9997,2.6555,5.0,3.8407,4.999,4.062,4.9982
tw3slAq2z0eflG0RkYs76w,farend_singletalk,3.9982,4.9992,3.214,4.9998,4.1734,4.9987,4.1225,4.9988
u0X5XB2KzEGduXtfWfjGDw,farend_singletalk,4.5463,4.9985,4.6779,4.9983,4.8422,4.9998,4.8428,4.9998
u0X5XB2KzEGduXtfWfjGDw_with_movement,farend_singletalk,4.401,4.9985,4.3978,4.998,4.7205,4.999,4.4578,4.9988
uGr0ksRjB0aB0kPJw0ugQA_with_movement,farend_singletalk,2.6148,5.0,2.2421,5.0,4.2616,4.9991,4.3004,4.9988
uLl640xveUuHp2kEtOCTeQ_with_movement,farend_singletalk,3.91,4.9993,2.8937,5.0,4.483,4.9989,4.3853,4.9985
uS9t2QYDckeO7SnQNYZVcg,farend_singletalk,3.0233,4.9999,2.9293,4.9999,4.0324,4.9997,3.4763,4.9999
ualhjKw9zU6bheF6oQjnCw,farend_singletalk,4.0655,4.9996,2.2101,5.0,2.3825,5.0,4.3531,4.9992
ukBE9mlUikGHCbHsIuflsA_with_movement,farend_singletalk,2.7494,5.0,2.5113,5.0,3.946,4.9993,4.1108,4.9993
urm5FZsuoEGEayow6ckb0w_with_movement,farend_singletalk,1.8304,5.0,1.9558,5.0,2.5772,4.9999,4.2984,4.9984
vF1LKDSGbUGtp0pR6Fzb3A,farend_singletalk,4.0042,4.9981,4.0883,4.999,2.6409,5.0,3.0303,4.9999
vIf0JCJXwUuM90ngXBE18g,farend_singletalk,2.2052,5.0,2.1686,5.0,3.4572,4.9999,3.9208,4.9998
vSZmpMJI0kKv30P2GhgV1Q,farend_singletalk,2.9575,4.9999,2.9627,5.0,2.2902,5.0,2.9811,5.0
veoTpvS3mkaNkmCI6iEMVA,farend_singletalk,3.5153,4.9999,1.6917,5.0,3.3136,4.9998,2.4166,5.0
vjW8NP6JgUC3ved1NRJwbQ_with_movement,farend_singletalk,2.7681,5.0,2.2435,5.0,4.2902,4.998,4.1121,4.9972
w0QrMwsZ5kGoJjRWvP0iKg_with_movement,farend_singletalk,3.6486,4.9999,1.7159,5.0,4.3467,4.9977,4.0229,4.9988
w5XDRNfB2Ei2UoUDtrTkzg,farend_singletalk,4.0431,4.9997,3.404,4.9999,3.6366,4.9998,4.4084,4.999
w5XDRNfB2Ei2UoUDtrTkzg_with_movement,farend_singletalk,4.2049,4.9998,2.5422,5.0,2.9701,4.9999,4.3168,4.9987
w9Cji060a0Ss7zLxa05Xhw,farend_singletalk,2.8594,4.9997,2.4792,5.0,4.2236,4.9972,4.0422,4.9975
wTgNyKxp0kihhU2K96tHgA,farend_singletalk,2.1833,5.0,1.9509,5.0,3.2118,4.9999,4.1081,4.9997
wWeNtFK0dEG9Wub40bB15A,farend_singletalk,2.6812,5.0,2.3081,5.0,2.1947,5.0,3.2975,4.9999
wlAXM0iDgkm06i7UdRww1w,farend_singletalk,2.0066,5.0,1.957,5.0,2.2172,5.0,3.8996,4.9984
wlAXM0iDgkm06i7UdRww1w_with_movement,farend_singletalk,2.4378,5.0,1.7494,5.0,2.2295,5.0,3.9004,4.9996
wr54weKzNkOcZ07hB04kzA,farend_singletalk,2.0437,5.0,2.0474,5.0,4.0488,4.9994,3.5881,4.9999
wr54weKzNkOcZ07hB04kzA_with_movement,farend_singletalk,2.2099,5.0,1.7048,5.0,3.1654,4.9999,3.46,4.9999
xA63038UDkGgZvGqHr0Kiw,farend_singletalk,4.1971,4.9997,3.7895,4.9999,4.2643,4.9984,4.2759,4.9983
xFk7igecuke0R5JMfREyDg,farend_singletalk,2.286,5.0,2.2702,5.0,1.851,5.0,4.4936,4.9988
xFk7igecuke0R5JMfREyDg_with_movement,farend_singletalk,2.2996,5.0,1.44,5.0,1.7419,5.0,4.0899,4.9979
xQEUtY2pWUi7v1X93TF2AA,farend_singletalk,2.8347,5.0,2.1045,5.0,4.2654,4.9987,4.2189,4.9981
xSh5yXWiP02K0UkYdkZ0cA_with_movement,farend_singletalk,4.3457,4.9993,4.3678,4.9994,4.6193,4.999,4.6183,4.9989
xWOALEtAwk2oABUz3vAv6w,farend_singletalk,2.8398,4.9999,2.471,5.0,4.204,4.9986,4.1703,4.9987
xYuPW7feGkyc8a1rfcDv9w_with_movement,farend_singletalk,4.3646,4.9988,3.7189,4.9998,4.0449,4.9976,4.1813,4.9976
xb7eJJF0Vki6Yl3y4B7oJA_with_movement,farend_singletalk,3.8674,5.0,1.8736,5.0,1.8822,5.0,4.1445,4.9997
yM2wHof9U06yVPJfemZ3hg,farend_singletalk,1.9034,5.0,1.7487,5.0,1.9916,5.0,4.2608,4.9982
yMXhYzMNDUiLK00Tf3fW8w,farend_singletalk,4.2683,4.9994,3.9839,4.9995,4.7213,4.9993,4.2636,4.9988
yS7NgOlleU600sZ80T9bng_with_movement,farend_singletalk,2.5854,5.0,2.1184,5.0,4.213,4.9979,4.3238,4.998
yZs0i8NpJkypsV8QyvduzQ,farend_singletalk,3.0888,5.0,2.126,5.0,4.2436,4.9983,3.6846,4.9997
yxKXWLezBUeCpdYkIQOT0A,farend_singletalk,4.1458,4.9997,3.9288,4.9997,2.4742,5.0,4.4734,4.9992
yxKXWLezBUeCpdYkIQOT0A_with_movement,farend_singletalk,2.3031,5.0,1.7028,5.0,1.9247,5.0,3.1451,5.0
yyvS0Ljh1k0AHMx6cxtNyg_with_movement,farend_singletalk,2.6039,4.9999,1.9841,5.0,2.3251,5.0,2.2115,5.0
z4PqfBhq2E01IDBkTH0gnw_with_movement,farend_singletalk,3.8643,5.0,1.8094,5.0,1.5963,5.0,3.2585,4.9999
zONvcX0qYkuaAViV5PXcYg_with_movement,farend_singletalk,1.9118,5.0,1.7757,5.0,3.3841,4.9996,3.4123,4.9997
zOiK6oSHp0ib3nHvzLKbRQ,farend_singletalk,4.3006,4.9992,3.7374,5.0,4.7123,4.999,4.5555,4.9989
zOiK6oSHp0ib3nHvzLKbRQ_with_movement,farend_singletalk,4.0008,4.9999,2.0719,5.0,4.8437,4.9992,4.5001,4.9991
zY5H3X0ypUOid8MlbBQHfA,farend_singletalk,4.4232,4.9992,4.4777,4.9992,4.5364,4.999,4.6336,4.9994
zddPqpp1a06xttKdc0iNTA,farend_singletalk,1.9523,5.0,2.1605,5.0,2.3377,5.0,2.6141,5.0
zddPqpp1a06xttKdc0iNTA_with_movement,farend_singletalk,4.0698,4.9998,1.8063,5.0,1.9598,5.0,2.1343,5.0
zpiSOkxpHkCs5SqdOo5ZIQ_with_movement,farend_singletalk,3.3485,4.9998,2.9227,5.0,4.4117,4.9986,4.3041,4.9988
zykCkY0BZEWhtSbeZJm7pw,farend_singletalk,4.0997,4.9998,2.4347,5.0,2.2189,5.0,4.0792,4.9991
zzCIhneJ8UKTWZ48U0kRXw_with_movement,farend_singletalk,4.3383,4.9996,2.3141,5.0,2.2366,5.0,2.3228,5.0
014AzuqPZku2004NbTTmcA,nearend_singletalk,4.9999,4.2429,4.9996,4.369,4.9991,4.3736,4.9995,4.1639
021g8E0mLEWnaPGZo209gA,nearend_singletalk,4.9993,4.3801,4.9994,4.5012,4.9992,4.5296,4.9994,3.272
05bNc8DKykeqiFyvLWlXmA,nearend_singletalk,4.9968,4.4042,4.9968,4.4955,4.9964,4.4239,4.9967,4.4265
06Q90a0wkkulvuJBJGQqzQ,nearend_singletalk,4.9979,4.3201,4.9987,4.5866,4.9983,4.4609,4.9984,4.3652
06S6EY1JpU2qpe409kUaew,nearend_singletalk,4.9971,4.1986,4.9964,4.3106,4.9976,4.2509,4.9979,4.1575
08Mo9p6KVUapuF8PNAMWaw,nearend_singletalk,4.9994,3.3678,4.9996,3.5143,4.9991,3.4942,5.0,1.8455
09fKZjX0QkCzKPTRe29DaQ,nearend_singletalk,4.9964,4.1457,4.9932,4.2421,4.9938,4.2458,4.9998,2.8145
0B5E1viJNEGA7aU0ZlALQQ,nearend_singletalk,4.9985,4.057,4.9959,4.3731,4.9961,4.1895,4.9984,3.1819
0CD12tXmdU65rRTkf0okKg,nearend_singletalk,4.9987,4.4103,4.9975,4.4768,4.9979,4.4361,5.0,2.7727
0FcYh9r6G0qQrbX7taxQ6g,nearend_singletalk,4.9984,4.4006,4.9961,4.5945,4.9971,4.5761,4.9996,4.0444
0R3gOcj9uE0Abp3sjrti0w,nearend_singletalk,4.9961,4.0968,4.9961,4.1387,4.9957,4.1264,4.9964,4.0587
0b8WY2HTrEOOT2Jf0br3hQ,nearend_singletalk,4.9987,4.243,4.9972,4.3869,4.9971,4.3444,4.9987,4.1333
0bFTCgvGGUaLnVt5LZHXaA,nearend_singletalk,4.9984,4.0511,4.9986,4.0948,4.9971,4.1004,5.0,2.1595
17ng7Oa1k0qZI0pV0KznQw,nearend_singletalk,4.9973,4.3084,4.9974,4.4499,4.9976,4.3329,4.9985,3.9474
2RLNXS3YSEeq4lmFpF9QfA,nearend_singletalk,4.9975,4.2251,4.9971,4.4041,4.9965,4.3598,4.9984,2.7514
2f9FDnH8u0q829njqEuVrQ,nearend_singletalk,4.9989,3.3176,4.9988,3.4065,4.999,3.4034,4.9989,2.797
2wFE5X7bmEWTjphPVFtatg,nearend_singletalk,4.9975,4.2323,4.9963,4.2347,4.9967,4.2608,4.9969,4.2401
3O8efztOJk6Y4kB5qmQ2wQ,nearend_singletalk,4.9973,4.0591,4.9951,4.1178,4.9991,4.0157,4.9998,2.7273
3tlTJTX8GEmlUQgJJf1y6A,nearend_singletalk,4.9982,3.9925,4.9983,3.985,4.9976,4.1714,4.9976,4.1845
4cBxiOIHn0iMlBks6HB5JA,nearend_singletalk,4.9943,4.3083,4.995,4.3196,4.9977,4.19,4.9963,4.3139
4jJw3J3XIk20UtVS3QmN8g,nearend_singletalk,4.997,4.0709,4.9976,4.0486,4.9964,4.1356,4.9996,2.8275
4pN9yn7mhEa5iDiKnr5jlw,nearend_singletalk,4.9999,3.3342,4.9999,3.3976,4.9999,3.455,4.9999,2.6865
4wYZCudp4Umtu9lVi0304g,nearend_singletalk,4.9975,4.1929,4.9956,4.2737,4.9986,4.2078,4.9982,4.1595
5vA1RGPi00OL6SUcAG0A0A,nearend_singletalk,4.9985,4.0804,4.998,4.3051,4.9985,4.0156,4.998,3.9725
62450GHTJkuE5m93uJpdMA,nearend_singletalk,4.9974,4.0128,4.9941,3.9411,4.9969,3.9329,4.9984,3.8897
6BZpT4gSV0ai5CSrSt1r1g,nearend_singletalk,4.9966,4.2193,4.9944,4.2846,4.9974,4.2513,4.9989,3.5121
79P0FS2RBkyg0j5m7zJn8Q,nearend_singletalk,4.9993,4.1033,4.9986,4.2273,4.9988,4.2696,4.9986,4.2591
7jWJsG7GMEukkBCt8A0l0w,nearend_singletalk,4.9993,4.2603,4.9992,4.3562,4.9996,4.3495,4.9997,3.3517
9Mysy0P8n0iiluiq4dqvNA,nearend_singletalk,4.9978,4.1264,4.9969,4.1304,4.9954,4.1575,4.9959,4.2436
9lXkNx4OdECUiz3R8wozmA,nearend_singletalk,4.9982,4.3004,4.9969,4.41,4.9965,4.4307,4.9981,4.1274
A50fBOz02kag8CVAhBOF8A,nearend_singletalk,4.9997,3.1842,4.9995,3.6508,4.9996,3.4881,4.9997,2.7799
A5BvC20DBU2aawL30oPoOA,nearend_singletalk,4.9984,3.8205,4.9982,3.855,4.9986,3.8257,4.9987,3.8216
AYpPZqqLWkW9kmuG3lqpYw,nearend_singletalk,4.9991,4.2656,4.9993,4.2735,4.9988,4.3421,4.999,3.6075
DW3NNHoKl02cAfEkahzsGg,nearend_singletalk,4.9991,3.1033,4.9985,3.4338,4.9993,3.3085,5.0,1.8426
DdGOn2Ukz0ihXXssc077hQ,nearend_singletalk,4.9989,4.0539,4.9988,4.0479,4.9986,4.1196,4.9987,4.0819
DePZXa0yBE2rjxax9oCj8Q,nearend_singletalk,4.9998,4.0897,4.9993,4.2214,4.9997,4.3077,5.0,2.0773
E0l0WVPQjEi6AmtbvfSYLA,nearend_singletalk,4.9986,3.6885,4.9988,3.941,4.9988,4.1105,4.9988,3.2427
Fi80N5kW9U6nwaoS04O3vQ,nearend_singletalk,4.9987,3.867,4.9986,4.0502,4.9986,3.9912,4.9992,2.9925
Gfh0MD8y7kKnVFLTh2gcGg,nearend_singletalk,4.9978,4.1447,4.9984,4.1101,4.997,4.2257,4.9996,3.3393
Hp5g1asacUCt5rJVLO1FuQ,nearend_singletalk,4.9979,4.0334,4.9984,3.9897,4.9981,4.0019,4.9983,4.0436
IP5Pznnj10qkIqqrGMFGMg,nearend_singletalk,4.997,4.2608,4.9956,4.3311,4.9961,4.3957,4.9992,3.0203
ITeDnDQ0HEWALbQEcgE0oA,nearend_singletalk,4.9984,4.0232,4.9974,4.4673,4.9971,4.2704,4.9997,1.9715
IUp2c0A4yEyttmLfJ3t0Xw,nearend_singletalk,4.996,4.4072,4.9962,4.5345,4.9963,4.5436,4.9962,4.3413
IqtJR4tjJkWrwUjYorz0Og,nearend_singletalk,4.9978,4.348,4.9977,4.3947,4.9973,4.4046,4.998,3.3897
IvAFDPUFEk0GuW2VKRHznA,nearend_singletalk,4.9988,3.3679,4.9988,3.563,4.9982,3.5904,4.9991,2.7413
Ix0dosKZuEadndFeuhqpvQ,nearend_singletalk,4.9955,4.1073,4.9973,4.0326,4.9969,4.0088,4.9981,4.0383
Ixf70mgKwkCoFYq32586cw,nearend_singletalk,4.9955,4.3714,4.9928,4.4307,4.9973,4.2518,4.9974,4.2864
J3LD50nLAkq0HOmWxNS6ww,nearend_singletalk,4.9971,4.1883,4.9968,4.216,4.996,4.2526,4.9984,4.0123
JJ1abErD8USzCkA9Oosd1Q,nearend_singletalk,4.9981,4.1441,4.9982,4.0857,4.998,4.0685,4.999,3.3464
JLNgGcvTNEqbTDbc28wLkg,nearend_singletalk,4.9984,3.9305,4.9975,3.9763,4.9978,3.9432,4.9976,3.9641
JkDl1iAjcUelM740jzUz0A,nearend_singletalk,4.9999,4.0653,4.9999,4.153,4.9999,4.1329,5.0,1.8059
Jpx00wUkJkGOzoIjD2Q1rA,nearend_singletalk,4.9991,3.8687,4.999,3.952,4.9995,3.6046,4.9997,1.3204
JteZUZ4JYkeD4k2rcVbqHg,nearend_singletalk,4.9993,3.5953,4.9994,3.6972,4.9993,3.7923,4.9987,3.5083
JtodX3Ug6Eu5TYu0HN5IOw,nearend_singletalk,4.9952,4.504,4.9935,4.5363,4.9941,4.5576,4.9968,4.5592
K9zX4yKvg0mmR1FDfxyCwQ,nearend_singletalk,4.9988,4.0177,4.9991,4.0367,4.9982,4.0224,4.9989,3.9361
KgZ0y2EQJ0a4jvtsznBrvw,nearend_singletalk,4.9991,4.0876,4.9985,4.1888,4.9993,4.1388,4.9998,2.8094
LAdLsNzbcE66K0Zs1NE5QA,nearend_singletalk,4.9985,3.4486,4.999,3.7185,4.9988,3.5483,4.998,3.0448
LHsrJBRGnUKiMC2mihEr0g,nearend_singletalk,4.9989,4.2165,4.9988,4.2416,4.9956,4.4028,4.9989,3.497
LQhlYoXXiUevFuxMKwWB0Q,nearend_singletalk,4.9982,3.9007,4.998,4.0097,4.9982,3.9246,4.9979,3.4285
LeV1uF4j10Whm0FPG80tmw,nearend_singletalk,4.9989,3.6543,4.9989,3.686,4.9991,3.7775,4.9989,2.978
M2nCWTe4nUWo8IOhj2IwNg,nearend_singletalk,4.9967,4.2939,4.998,4.3093,4.9945,4.5801,4.9997,2.4648
MehMnOaH2U0IwzKokj8CQQ,nearend_singletalk,4.9996,3.5333,4.9996,3.8341,4.9995,3.8875,5.0,1.6366
MkSLte0FTkqybGcLTwA3Tw,nearend_singletalk,4.9988,4.1872,4.9983,4.262,4.9975,4.4821,4.9974,4.5069
N5szjymbvEWJ2E06WAnEHQ,nearend_singletalk,4.9975,3.9253,4.9943,4.2591,4.9954,4.1082,4.9964,3.9092
N94NwopiZEyNnraWHLMDcg,nearend_singletalk,4.9996,3.9405,4.9994,4.0105,4.9994,4.0634,4.9989,3.8888
NL23aL0w3E6huGfizi8xeg,nearend_singletalk,4.9981,4.2113,4.9978,4.2871,4.9979,4.2348,4.9976,4.1202
NN7yhG2XTEqq46X8X0yLfA,nearend_singletalk,4.9986,4.1202,4.9986,4.1267,4.9986,4.0994,4.9999,2.5331
NY3kZioAm0KwR45wIVe2Sg,nearend_singletalk,4.9993,3.6246,4.9987,4.0531,4.999,3.9404,4.999,3.9765
OLjlc92QWU6fwuN4ytCPQg,nearend_singletalk,4.9955,4.2366,4.9951,4.2969,4.9977,4.2339,4.9991,3.9754
ON00x93kfkuXJarJPNuJ5g,nearend_singletalk,4.9976,4.4205,4.9983,4.4584,4.998,4.428,4.9993,2.9509
OXCtw0FVhUWGUBil6Uucdw,nearend_singletalk,4.9968,4.4046,4.9981,4.3917,4.998,4.3192,4.9997,4.1632
OlEt0Ltk0UKogetYnqirSw,nearend_singletalk,4.9981,4.0295,4.9978,4.0664,4.9978,4.2478,4.9987,1.3681
P0hsIfdQBkSP0aXsLXBF1Q,nearend_singletalk,4.9987,3.867,4.9986,3.8745,4.9981,3.9114,4.9985,3.6879
P10GsQvhskKx3fB06Zv4Yg,nearend_singletalk,4.9991,4.0852,4.9992,4.1056,4.999,4.2493,4.9963,3.9553
PZ7V0SfxUkem4IalTp1YgA,nearend_singletalk,4.9984,4.2148,4.9987,4.4559,4.9987,4.3374,4.9991,3.9106
PkpJ92FxmU0beBFWhYP0Hw,nearend_singletalk,4.9979,4.1659,4.9967,4.2916,4.9963,4.2368,4.9989,3.8271
PnPjmkT1K0uhMABJxUjP6Q,nearend_singletalk,4.9963,3.9751,4.9968,4.3922,4.9952,4.1175,4.9961,3.8768
Pu8CtSffMUiINQAhSKvlfw,nearend_singletalk,4.9983,4.3686,4.9985,4.15,4.9982,4.2711,4.9978,3.9876
QEeKiaNiDECfqXTRrDFWWw,nearend_singletalk,4.9996,3.6404,4.9981,4.1675,4.9956,4.2032,4.9995,2.9051
QHbI00BzQUeUGwd1ohan2g,nearend_singletalk,4.9972,4.1274,4.9959,4.1995,4.9963,4.1244,4.9985,3.5426
QK70KpLuZ0O43BBSWEZvHg,nearend_singletalk,4.9995,3.7391,4.9992,4.01,4.9994,3.9781,4.9991,3.128
RVUBK9701UmTD9kBF1o0WA,nearend_singletalk,4.9988,4.2508,4.9991,4.1803,4.9989,4.4108,4.9988,3.9727
S73GmH9ok0GBbaG3esxbQQ,nearend_singletalk,4.9964,4.1205,4.9957,4.2795,4.9952,4.2144,4.9999,2.6294
SFvlSygv4ke9wCrv8LWvYQ,nearend_singletalk,4.9999,3.0562,4.9998,3.5152,4.9998,3.6578,4.9999,2.3403
SR68lGQwTUy508j0P8BKZQ,nearend_singletalk,4.9993,2.9077,4.9992,3.0914,4.9992,3.0735,4.9998,2.6159
SUYzW4QT30yxKUq7OGvZKg,nearend_singletalk,4.9995,4.1631,4.9992,4.2801,4.9993,4.1283,4.9989,3.6939
SgKY30fjT0G8e3kQL0RHSQ,nearend_singletalk,4.9978,4.053,4.9977,4.2355,4.9977,4.1376,4.9969,3.7022
SswMECiwjUKY4BWidXhehg,nearend_singletalk,4.9928,4.3081,4.9926,4.3411,4.9911,4.3327,4.9996,3.3983
SvVpGsVXY0WeklKK5tnI3Q,nearend_singletalk,4.9986,4.468,4.9987,4.4034,4.998,4.4594,4.9992,3.7287
T05uoZohjECBcTX00Mne6A,nearend_singletalk,4.9978,4.049,4.9979,4.0264,4.9976,4.1355,4.9976,4.1624
TDwhGbJZpU09f9JfT4ovoA,nearend_singletalk,4.9972,3.9798,4.9972,4.05,4.9977,3.9868,4.9997,2.7364
TGZ5Wq0SCUCOXPsfee3uMQ,nearend_singletalk,4.9982,4.0101,4.9987,3.9217,4.9975,4.0588,4.9995,3.1683
TZ6TJFCbfkKAVrS64Sf08Q,nearend_singletalk,4.9987,4.0318,4.9965,4.27,4.9971,4.2237,4.9975,4.1851
TcuegeGKL06ysmFP0RxjyQ,nearend_singletalk,4.9975,4.143,4.9978,4.1761,4.997,4.1175,4.9969,4.0325
Tgtk8jp1zkqmKzsmdrKt0g,nearend_singletalk,4.9937,4.3717,4.9894,4.4469,4.9932,4.4725,4.9995,2.794
TmjuEIRHwU6SS01J6JKh0A,nearend_singletalk,4.9987,4.0202,4.9986,4.1486,4.9987,4.0724,4.9983,4.0881
U70FA4mdkEu0FDuj0nTBdA,nearend_singletalk,4.998,4.1924,4.9967,4.2598,4.9972,4.2892,4.9987,4.0679
UQbN1vEVO0avUTkFYtQ0mg,nearend_singletalk,4.9986,4.0771,4.9978,4.2384,4.997,4.3408,4.9993,3.5425
Uc4dmejgWUCTvn0XZbMTBw,nearend_singletalk,4.9974,4.2565,4.9986,4.3327,4.9979,4.3742,4.9999,2.8663
UmlD9X38NECNoJKm0oyf4w,nearend_singletalk,4.9997,3.6456,4.9998,3.6681,4.9998,3.7684,4.9997,3.8878
V6Mw0Ti8RUSkzvMGB4WGiw,nearend_singletalk,4.9979,4.1291,4.9972,4.3896,4.9978,4.1796,4.9985,3.9914
VNgRsWxMdkaUx1gKV9W1Zw,nearend_singletalk,4.9982,3.999,4.9984,4.0236,4.9987,3.8386,4.9995,3.3085
VNkNShj97UajHDVbSmIG0g,nearend_singletalk,4.9996,3.5541,4.9996,3.8093,4.9993,3.4623,4.9999,2.7498
VtEW0vwTO0eEQaCBSfjjnQ,nearend_singletalk,4.9973,4.2715,4.9962,4.3012,4.9967,4.2256,4.9992,3.2619
WCLKkH4DiEmAHQue4iNyOA,nearend_singletalk,4.9896,4.2768,4.9907,4.2465,4.9914,4.1897,4.9942,4.2041
WH0jN3PY40es2S0LsxmkkQ,nearend_singletalk,4.999,4.302,4.9978,4.3917,4.9983,4.3134,4.9998,2.5602
WLeLQyPtWk2uOefcjBdZmw,nearend_singletalk,4.9965,4.4609,4.9967,4.4714,4.9961,4.4978,4.999,3.4566
WnDjVFWmC0m0WhVq22mRlQ,nearend_singletalk,4.9991,4.3328,4.9978,4.3291,4.9968,4.3495,4.9986,3.5016
WtQs4a0YeU2B0dQWhS7gmg,nearend_singletalk,4.999,4.2426,4.9998,4.2216,4.9979,4.2655,4.9994,3.3912
X0OraQOKtkCVriR0uj0WBQ,nearend_singletalk,4.9991,4.1338,4.9982,4.2876,4.9987,4.1762,4.9998,2.5772
X70ilGSHZU0x8DliEgU4Zw,nearend_singletalk,4.9965,4.0904,4.9966,4.2489,4.9968,4.0941,4.997,4.0813
XCXcCwUPY0GmrtqtJ6xY2g,nearend_singletalk,4.9968,3.4836,4.9965,3.9219,4.993,3.8921,4.9976,3.5054
XNOJLHM8e0aUHP4rWEAAtQ,nearend_singletalk,4.9972,4.4373,4.998,4.4705,4.9966,4.4992,4.9987,4.1171
XTqo1aOXDEiqyWTFK99I5Q,nearend_singletalk,4.9967,4.3665,4.9973,4.2778,4.9962,4.4755,4.9977,4.0936
XYaVZ4A9B06EYZcGugD3oQ,nearend_singletalk,4.9998,4.005,4.9996,4.0711,4.9979,4.0426,4.9997,3.399
XnfMDZLl0U2WvLRphiGJ6A,nearend_singletalk,4.9975,4.2158,4.9945,4.3278,4.9963,4.4683,4.9991,3.6861
XoP0KjC4G0W1SCRtg9l0LQ,nearend_singletalk,4.9996,3.7897,4.9995,3.9359,4.9991,4.0363,4.9979,3.449
Y4zG6bHup06zWMoq3OvZqQ,nearend_singletalk,4.9979,3.6984,4.9977,4.0033,4.9981,3.9444,4.9978,3.3902
ZBc1WgCwmEa2M5gKDuVWkw,nearend_singletalk,4.9952,4.0714,4.9958,4.3018,4.9959,4.2597,4.9979,3.5032
ZJYUt0O0AEKSQ9LJ8z7t0A,nearend_singletalk,4.9968,3.8412,4.9954,4.0323,4.9957,4.016,4.996,4.0416
axjhyScGuUCGo39UXMCB8w,nearend_singletalk,4.999,4.22,4.9986,4.1998,4.9994,4.1851,4.9998,3.4983
cY5NXwR6I0K5qbidK6YN2A,nearend_singletalk,4.9998,4.0452,4.9997,4.1229,4.9993,4.142,4.9996,4.0443
gVoUJC8hf0yLSM3RA2lPDw,nearend_singletalk,4.9989,4.2225,4.9992,4.2778,4.9987,4.3455,4.9989,4.032
h18rU1budku8j8NFC0OPJQ,nearend_singletalk,4.9981,4.1363,4.9969,4.3389,4.9971,4.1507,4.9982,4.1619
hvY1v0viv0yMdAXKa2y1aw,nearend_singletalk,4.998,4.1934,4.9984,4.1835,4.9982,4.184,4.999,4.2033
jBqDg8bmpES0bGBYbsbtIw,nearend_singletalk,4.9985,3.5409,4.9986,3.6706,4.9985,3.6175,4.9985,3.6671
jMBAfOiCPUycoybp9iPnqQ,nearend_singletalk,4.9992,3.9805,4.9991,3.9957,4.9994,3.9544,4.9992,3.9906
jZfooJf57k24ANUbn1Vv0Q,nearend_singletalk,4.9987,4.1283,4.9979,4.2668,4.9976,4.2809,5.0,2.2081
jtYTdZm3lUmFVNibJWq8YQ,nearend_singletalk,4.9998,4.0115,4.9989,4.2041,4.9994,4.1837,4.9987,4.2268
jtxWjQFfUUqNKJHxJKLIJA,nearend_singletalk,4.9962,3.9599,4.9942,4.2041,4.9929,4.1776,4.998,3.4931
kGFOHthwrUWqHCLkBYIQnA,nearend_singletalk,4.9964,4.2847,4.9969,4.3456,4.9971,4.2286,4.9968,4.3001
kOtW70qgikKm0F9OEQw22A,nearend_singletalk,4.9999,3.1399,4.9998,3.7697,4.9999,3.4842,4.9993,2.9814
khqZY41lNEyIvMf2ZNJuVA,nearend_singletalk,4.9989,4.1375,4.9985,4.1939,4.9989,4.1253,4.9992,4.1874
kz23X4pDSEiPmWtw2Qx00Q,nearend_singletalk,4.9995,2.9574,4.9995,3.0623,4.9993,3.1214,4.9992,3.1696
l3ljbUFxEk65p2HtDQ3fyw,nearend_singletalk,4.998,3.7891,4.9987,3.997,4.9986,4.0083,4.9993,3.1512
lxLsvT1rY0mdtZuRogM06Q,nearend_singletalk,4.9965,4.3258,4.9943,4.4278,4.9952,4.3994,4.9999,2.0381
m5uBFyhN5UCVODFvL0KOeQ,nearend_singletalk,4.9987,4.0846,4.9988,3.9842,4.9987,3.9984,4.9986,4.0023
m6x1OA5vH0mUhq1QZELg8g,nearend_singletalk,4.9997,3.5201,4.9997,3.6932,4.9996,3.6135,4.9995,3.5823
mAJHXrZ5QU62Do1OqTSL6Q,nearend_singletalk,4.9991,3.3751,4.9994,3.3271,4.9988,3.4624,4.9995,2.6639
mNqvVawOEUSLrFsSVX0xYg,nearend_singletalk,4.9997,4.0212,4.9988,4.2002,4.9997,4.045,4.9993,4.019
mUX1GNN0nEyuL009m50dtg,nearend_singletalk,4.9991,4.2829,4.9983,4.334,4.9983,4.3189,4.9998,2.9076
mljUO9k4gUiYCHgXSsfo5A,nearend_singletalk,4.9983,3.4891,4.9976,3.9047,4.9979,3.6454,4.9999,2.1386
nH0QtPTyA0aLnz5g46vahA,nearend_singletalk,4.9992,3.7998,4.9992,3.8799,4.9982,3.7999,4.9984,3.5313
nVUnxqHLr0GTN7shWid1Ow,nearend_singletalk,4.9992,3.602,4.9995,3.6286,4.9995,3.5216,4.9994,3.5883
nZQu09pizke3LNOn6uaU0A,nearend_singletalk,4.9972,3.6698,4.9981,3.9625,4.9973,3.8072,4.9999,2.4969
o0xqO2vmg0WkCPdzq1HJag,nearend_singletalk,4.9988,3.8635,4.9984,3.9449,4.9985,3.9021,4.9987,3.9107
oE9usVq3wk2C0NzhkAQvlQ,nearend_singletalk,4.9985,3.9667,4.9982,4.0031,4.9983,3.9569,4.9992,2.9581
ovWV74BVnE6sdi0nhwHwuw,nearend_singletalk,4.9993,3.9944,4.9993,4.1176,4.9993,4.0953,4.9996,2.6869
pHYQ2aCo0EuDKFXOPTpnyA,nearend_singletalk,4.9983,4.1941,4.9991,4.1349,4.9982,4.2407,4.9995,3.8997
pPBidi8oyUarZCGUrKJEsg,nearend_singletalk,4.999,3.2987,4.9987,3.4903,4.9989,3.4839,4.9987,3.5009
pQDkwilay0CwNLmhqSlcVQ,nearend_singletalk,4.9984,4.1506,4.9971,4.0911,4.9979,4.0868,4.999,4.1712
pcb1Nh0Z3k0WS9a7gBEuqg,nearend_singletalk,4.9977,3.484,4.9981,3.8355,4.9978,3.6133,4.9979,3.7546
qXJSPoy33US0dFOTSQaSCA,nearend_singletalk,4.9982,4.1513,4.998,4.2752,4.9977,4.2387,4.9999,2.7571
qiQL0BUPxk0YtpnP7JGfNg,nearend_singletalk,4.9972,4.3122,4.9975,4.4466,4.997,4.3778,4.9996,3.3226
qkGW9Frbs0Gq5gdfsztA2g,nearend_singletalk,4.997,4.0791,4.9959,4.1877,4.9962,4.1219,4.9986,2.1144
ql7yTcebJU20VE5qpW0kCA,nearend_singletalk,4.9995,3.934,4.9993,4.012,4.9989,4.094,4.9993,3.4847
rEVrdY1tHE00AGubEOasVA,nearend_singletalk,4.9977,4.0398,4.9971,3.9771,4.9969,4.0159,4.9968,3.9384
rIIgOzY4O0KkdZpdTAaZ7g,nearend_singletalk,4.9995,4.2063,4.9995,4.3599,4.9993,4.333,4.9986,4.0271
rOzaUzFu0kKDiJa1qQVoOg,nearend_singletalk,4.9995,4.0005,4.9992,4.1524,4.9987,4.1771,4.9991,3.89
sLi810BoekuU3HSx14LT7A,nearend_singletalk,4.9958,4.3103,4.9958,4.3381,4.9939,4.3214,4.9973,4.1519
sOoim99qMEqLAe2n3F4JLA,nearend_singletalk,4.999,3.8384,4.9993,4.0255,4.9988,4.0655,4.9984,4.0041
sSC9qgbMXEaS2DtvpALBOQ,nearend_singletalk,4.9987,3.9985,4.9971,4.1846,4.9982,4.1091,4.9997,2.6414
sYQK1rJlwU2XCy20n0Sx9g,nearend_singletalk,4.997,4.2228,4.9978,4.3212,4.9971,4.2805,4.9981,4.1858
sx6mxKBQpkq520m64BwUdQ,nearend_singletalk,4.9993,3.9136,4.999,3.9167,4.9994,3.9179,4.9996,3.2897
sz2qchBMq0KYnwmTMj3VJw,nearend_singletalk,4.9933,4.3639,4.995,4.3583,4.995,4.3889,4.9991,3.9974
tSwJHBIJ9kyW1RluCeIBOg,nearend_singletalk,4.9994,4.0769,4.9991,4.1233,4.9992,4.0955,4.9986,4.2776
tl5UFRCXZkyL6EoWVl09xA,nearend_singletalk,4.9959,4.6537,4.9958,4.6504,4.9952,4.6303,4.9971,4.4133
toGZLON0MUWE7tOHhRJIOA,nearend_singletalk,4.9983,3.8443,4.9987,3.5383,4.9981,3.825,4.9982,3.8079
tzvIWNRatEmNn0EjAgBqTQ,nearend_singletalk,4.9983,4.1337,4.9979,4.1656,4.9983,4.1444,4.998,4.1098
uLl640xveUuHp2kEtOCTeQ,nearend_singletalk,4.9965,4.1686,4.9973,4.1894,4.9964,4.2464,5.0,1.8573
ualhjKw9zU6bheF6oQjnCw,nearend_singletalk,4.9983,4.3271,4.9969,4.3357,4.9978,4.1511,4.9985,3.5589
urm5FZsuoEGEayow6ckb0w,nearend_singletalk,4.9989,3.5246,4.9993,3.6536,4.9987,3.5112,4.9986,3.5339
vSZmpMJI0kKv30P2GhgV1Q,nearend_singletalk,4.9979,4.2626,4.9978,4.362,4.9986,4.3127,4.9999,1.9754
vcmW9eY94EKDB1ZP33IEbA,nearend_singletalk,4.9984,3.6075,4.9979,3.8512,4.9991,3.6195,4.9992,3.7213
veoTpvS3mkaNkmCI6iEMVA,nearend_singletalk,4.9931,4.3095,4.9916,4.3522,4.9917,4.3507,4.9938,4.3373
vfTQx88jikCT7BocQ0Hgyw,nearend_singletalk,4.9994,4.1675,4.9991,4.2626,4.9987,4.3339,4.9997,2.5789
voYU0YU8Fkqqr4ptuVJoRA,nearend_singletalk,4.9985,3.931,4.9977,4.0298,4.9978,4.0243,4.9992,3.8397
w0ogzwvJ7EmiHTCzx7sgwA,nearend_singletalk,4.9978,4.471,4.9974,4.539,4.9979,4.3901,4.9999,2.4401
wHmBm7VHfkysBOhjoAXkNA,nearend_singletalk,4.9981,4.3241,4.9987,4.3953,4.9983,4.3373,4.9995,3.9694
wJVPo4lexUK40x0nuK0KWg,nearend_singletalk,4.9978,3.9064,4.9981,3.9544,4.9987,4.2321,4.9996,2.9271
wOJedKKg2EWyizExqr38Yw,nearend_singletalk,4.9997,3.9194,4.9999,3.9027,5.0,3.8623,4.9999,3.5732
wU26GSxZSUeeheZg6sI1DA,nearend_singletalk,4.9995,3.7676,4.999,3.9735,4.9992,3.9496,4.9994,3.9107
wcP1HWQqv0aX1WAguwuUPg,nearend_singletalk,4.999,3.9886,4.9987,4.0324,4.9992,3.8937,5.0,2.6245
wlAXM0iDgkm06i7UdRww1w,nearend_singletalk,4.999,3.9063,4.9973,4.07,4.9971,4.1055,4.9998,3.4218
wr2CEenGL0Oec4b1GW5Zww,nearend_singletalk,4.9984,4.174,4.9984,4.227,4.9979,4.259,4.9998,2.761
wyx9K4tvB0qmAoFaCLBeuA,nearend_singletalk,4.9978,4.2521,4.9969,4.283,4.9971,4.2879,4.9988,3.9973
x1pZr2uWBkulb77zcCfAJA,nearend_singletalk,4.9998,3.434,4.9995,4.0027,4.9998,3.2965,4.9999,2.6735
x7Frsl5wTEKmog3A6lL57g,nearend_singletalk,4.9996,2.8903,4.9994,3.4385,4.9993,3.9052,5.0,1.8815
xA63038UDkGgZvGqHr0Kiw,nearend_singletalk,4.9971,4.2893,4.9968,4.4224,4.9962,4.4802,4.9996,3.6834
xQEUtY2pWUi7v1X93TF2AA,nearend_singletalk,4.9986,4.1386,4.9985,4.1758,4.9985,4.1685,4.9983,4.1627
xYuPW7feGkyc8a1rfcDv9w,nearend_singletalk,4.9985,3.8933,4.9983,3.9591,4.9987,3.9052,4.9986,3.9057
xgUHggIUu0CoAbN6d0lI8g,nearend_singletalk,4.9985,3.9622,4.9979,4.079,4.9981,4.0139,4.9982,4.0044
xofDX004bkqiOv9YOxmGVQ,nearend_singletalk,4.9991,4.0209,4.9985,4.0965,4.9988,4.0605,4.998,3.9617
yN0NYysKnUW1PsMYdU4tQA,nearend_singletalk,4.9998,3.3526,4.9999,3.5052,4.9998,3.3518,4.9999,2.4996
yTB6WAhRQEm3yZM49ZnWig,nearend_singletalk,4.9994,4.0095,4.9989,4.1419,4.9986,4.1184,4.9987,3.962
z4PqfBhq2E01IDBkTH0gnw,nearend_singletalk,4.9979,4.194,4.9975,4.2642,4.9979,4.1795,4.9979,4.2347
zOiK6oSHp0ib3nHvzLKbRQ,nearend_singletalk,4.9989,3.9006,4.9991,3.9616,4.9978,3.9372,4.9996,2.8805
zUfYEBCP2kKZFvQ9oAcy3Q,nearend_singletalk,4.9981,4.1373,4.9981,4.1058,4.9984,4.1398,4.9988,3.5012
zpiSOkxpHkCs5SqdOo5ZIQ,nearend_singletalk,4.994,4.2722,4.9929,4.3057,4.9968,4.2589,4.9967,4.2368
zykCkY0BZEWhtSbeZJm7pw,nearend_singletalk,4.9973,4.155,4.9964,4.2123,4.9957,4.2159,4.9992,3.278
0I0XMl3M0ECO0U1N0cJvpg,doubletalk,4.381,2.5836,4.5038,2.685,4.8568,1.2268,4.7713,1.4172
49IIo03GZ0CYQOmeA3A0BA,doubletalk,4.0399,2.212,3.6017,3.4868,3.3862,3.3256,4.6242,2.3941
49IIo03GZ0CYQOmeA3A0BA_with_movement,doubletalk,4.3732,2.6422,4.0535,2.7549,3.9576,2.7923,4.8331,1.5301
7GTxyTksSUqCnP5y0ILG4A,doubletalk,3.131,3.8188,3.1352,3.8811,3.3871,3.7936,3.6253,2.2684
7GTxyTksSUqCnP5y0ILG4A_with_movement,doubletalk,3.2628,3.2261,2.9455,3.7782,2.933,3.8822,2.6991,3.5452
HAxmF7v4dE0itSp5R5B3Dw,doubletalk,3.7032,2.2783,2.515,2.547,4.5887,1.5116,4.7715,1.4945
Hp5g1asacUCt5rJVLO1FuQ,doubletalk,3.205,3.2481,1.65,3.628,4.457,2.3287,4.7442,1.698
Hp5g1asacUCt5rJVLO1FuQ_with_movement,doubletalk,3.4612,2.7348,2.2192,3.581,4.896,1.4328,4.8457,1.3499
I2bme08keUmAnyJRKNYDGQ,doubletalk,3.829,1.9385,3.3134,2.0212,4.535,1.2888,4.3019,1.6783
I2bme08keUmAnyJRKNYDGQ_with_movement,doubletalk,4.1523,1.7045,3.6191,2.2384,4.2222,1.6819,4.6128,1.3587
IP5Pznnj10qkIqqrGMFGMg,doubletalk,4.1617,2.57,3.8302,2.8844,4.4009,2.4077,4.6594,2.0809
IUp2c0A4yEyttmLfJ3t0Xw,doubletalk,3.6386,2.8157,3.3533,3.233,4.4926,2.104,4.5104,1.9072
IrQvqOTCmEWMXn9k2ICtRQ_with_movement,doubletalk,2.101,3.7348,1.8059,3.8612,2.975,2.0491,3.8387,1.7081
Ix0dosKZuEadndFeuhqpvQ,doubletalk,3.7026,2.8373,3.1785,3.2717,4.8355,1.6086,4.6147,1.5397
Ixf70mgKwkCoFYq32586cw,doubletalk,3.1085,3.8742,2.9467,3.9982,4.4365,3.0292,4.7909,2.3426
Ixf70mgKwkCoFYq32586cw_with_movement,doubletalk,3.0017,3.8642,2.9358,3.9635,4.4386,2.5596,4.4754,2.6413
IxgmaPghzUGnR6sxrbGU3Q,doubletalk,2.7737,3.5193,2.2218,3.4194,4.795,1.2706,4.616,1.3574
Je6gJ7y1PECStwxnrOe9aA,doubletalk,4.0023,2.1396,2.7484,3.1498,4.9075,1.5119,4.7406,1.3987
Je6gJ7y1PECStwxnrOe9aA_with_movement,doubletalk,3.8965,2.8818,2.6587,3.4063,4.6529,2.3291,4.7849,1.8071
JjCzlhn3gEiBQvfJtPNJ9A,doubletalk,3.2908,3.2042,3.1447,3.4209,4.6078,1.8486,4.6605,1.5151
JjCzlhn3gEiBQvfJtPNJ9A_with_movement,doubletalk,3.0684,3.895,2.251,3.8711,4.22,1.8821,4.4952,1.424
JtodX3Ug6Eu5TYu0HN5IOw,doubletalk,2.2091,3.7288,2.4889,3.7907,3.5119,4.1548,3.6414,2.1437
KOy0eftktkuJf180xtXudg,doubletalk,3.6334,2.6062,3.6655,2.9428,4.6626,1.6856,4.7547,1.6181
KSN5Jrzo7kaixP0z8xfr4Q,doubletalk,3.1323,3.3562,2.6803,4.0412,4.6917,1.9443,4.2188,2.2102
KSN5Jrzo7kaixP0z8xfr4Q_with_movement,doubletalk,3.6155,3.3914,2.9028,3.6267,4.6171,1.4509,4.631,1.4072
KgZ0y2EQJ0a4jvtsznBrvw,doubletalk,4.4963,3.2511,4.4972,3.8351,4.2031,3.991,4.5857,3.0295
Khk1qeMXFUuvFhw3YRSm0w,doubletalk,2.8227,3.4868,3.0131,3.7813,4.4795,1.6029,4.572,1.4205
LHsrJBRGnUKiMC2mihEr0g,doubletalk,4.8397,2.9683,4.8853,3.271,4.6922,2.8079,4.6041,1.936
LHsrJBRGnUKiMC2mihEr0g_with_movement,doubletalk,4.9638,2.3555,4.9561,2.6484,4.7817,2.5646,4.6322,3.0349
LN18k5r8t00C9DulUd809A,doubletalk,4.2385,3.0924,3.7452,3.169,4.4338,3.0461,4.0381,2.339
LN18k5r8t00C9DulUd809A_with_movement,doubletalk,4.3682,3.0163,3.8912,3.1081,4.247,2.6955,4.4947,3.1357
LQhlYoXXiUevFuxMKwWB0Q,doubletalk,4.7335,2.8089,4.8494,2.8965,4.925,2.699,4.7943,3.5883
Lsa5WpwTpUeb7C9dc9RXuQ,doubletalk,3.6814,3.0685,2.7031,3.7322,4.297,2.4714,4.6174,1.8662
Lsa5WpwTpUeb7C9dc9RXuQ_with_movement,doubletalk,3.5127,2.7484,2.5179,3.6495,4.5541,2.1766,4.5878,1.3869
MYrVxVEMxkaE7OuyTUmI0Q,doubletalk,3.6398,1.9496,2.6229,3.1318,4.4865,1.336,4.7774,1.2749
MeQ3WL4hykKuT2761h0xFg,doubletalk,3.3482,2.7445,3.086,2.663,4.6099,1.3105,4.5227,1.3411
N2rQLbnp2UOg2QFRaggbDw_with_movement,doubletalk,3.6546,3.0977,3.0758,3.9311,4.054,3.4188,4.3567,1.5047
N94NwopiZEyNnraWHLMDcg,doubletalk,3.8667,2.9605,3.2589,3.6056,4.8809,2.1151,4.6599,1.5553
N94NwopiZEyNnraWHLMDcg_with_movement,doubletalk,3.3773,3.1016,2.6777,3.8414,4.8851,1.722,4.9238,1.5469
NN7yhG2XTEqq46X8X0yLfA,doubletalk,4.4278,2.4438,4.081,2.6871,4.8414,1.4794,4.7662,2.0296
NNdxDj6FEk6CAwvbW01bUg,doubletalk,3.3449,3.3237,3.2986,3.3858,4.4317,1.9285,4.2721,1.6362
NY3kZioAm0KwR45wIVe2Sg,doubletalk,3.6897,2.7109,2.9619,3.5716,4.6924,1.3498,4.9087,1.2979
OLjlc92QWU6fwuN4ytCPQg,doubletalk,3.6136,3.0003,3.5116,3.0714,3.7957,3.0328,4.4525,1.8632
OXCtw0FVhUWGUBil6Uucdw,doubletalk,3.4409,3.6441,3.4127,3.6315,3.5765,3.5725,4.5567,2.6356
OXCtw0FVhUWGUBil6Uucdw_with_movement,doubletalk,3.7848,3.1895,3.5803,3.3442,3.6056,3.5724,4.2249,2.6983
OjdIdZgJDk6hLAQL07KORA,doubletalk,4.5766,1.7314,4.3315,2.4713,4.8531,1.5715,4.6237,1.4184
OmB0Ht0hmE2crVnftAEtsw_with_movement,doubletalk,3.7574,3.0655,2.8957,3.3892,4.8686,1.4351,4.9478,1.6825
P10GsQvhskKx3fB06Zv4Yg,doubletalk,4.0548,2.8367,3.9315,3.0526,4.4218,3.3158,4.6947,1.3525
PYGYvZSlIUuUakjw9XwS9g,doubletalk,2.8447,3.4788,2.3415,3.7677,4.4472,2.4077,4.7241,1.7918
PZ7V0SfxUkem4IalTp1YgA,doubletalk,3.3774,3.3801,2.8784,3.8207,4.715,2.685,4.0828,2.9461
Pu8CtSffMUiINQAhSKvlfw,doubletalk,4.6283,2.1808,4.2692,2.4747,4.7221,2.2562,4.6198,1.6218
QEeKiaNiDECfqXTRrDFWWw,doubletalk,2.7648,3.1397,2.4734,4.1291,4.7708,1.4493,4.6251,1.5313
QEeKiaNiDECfqXTRrDFWWw_with_movement,doubletalk,2.5726,3.7392,2.5161,3.9142,4.1675,2.6454,4.4272,2.5317
QK70KpLuZ0O43BBSWEZvHg,doubletalk,4.3182,1.4292,4.2808,2.0634,3.896,3.0888,4.8316,1.2987
QK70KpLuZ0O43BBSWEZvHg_with_movement,doubletalk,3.5206,3.2293,2.975,3.2299,4.0692,2.8416,4.709,1.6432
QkRkwwFKVEar0WtcuvJsZg,doubletalk,3.8117,2.3502,3.4119,2.7582,4.1125,1.5087,4.5914,1.1787
QkRkwwFKVEar0WtcuvJsZg_with_movement,doubletalk,4.3909,2.5189,3.9488,3.0327,4.4699,1.3861,4.6052,1.3832
S22FCqKDWUyymN1YbpItIw,doubletalk,2.9384,4.1515,2.6777,4.1646,3.8332,3.4573,3.4787,2.8373
S22FCqKDWUyymN1YbpItIw_with_movement,doubletalk,3.8851,3.0482,4.1355,3.5566,4.1492,3.597,4.5638,2.983
S5cyhx02u00eJzrHTxVTwQ,doubletalk,3.4241,3.204,3.0405,3.3765,3.6558,3.1459,4.6738,1.8686
SFvlSygv4ke9wCrv8LWvYQ,doubletalk,3.6752,3.1413,3.2227,3.4527,4.644,1.3409,4.5173,1.694
SR68lGQwTUy508j0P8BKZQ,doubletalk,4.3265,2.6628,3.7731,3.1872,4.8366,2.0585,4.7248,2.314
SgKY30fjT0G8e3kQL0RHSQ,doubletalk,4.6928,1.2365,4.6776,1.1719,4.6995,1.4511,4.6546,1.1503
SgKY30fjT0G8e3kQL0RHSQ_with_movement,doubletalk,4.3179,2.7487,4.1617,2.9576,4.3849,3.07,4.4096,1.8535
SvVpGsVXY0WeklKK5tnI3Q,doubletalk,3.5494,3.5998,3.3431,3.5551,4.1229,3.4876,4.3506,3.3086
SwfEwuGDlkWYy9pb4H00eQ,doubletalk,3.6554,2.691,3.4207,3.1099,4.7928,1.7099,4.2597,1.6947
SwfEwuGDlkWYy9pb4H00eQ_with_movement,doubletalk,3.4392,2.5296,2.2881,3.17,4.7077,1.2751,4.4771,1.3549
TGZ5Wq0SCUCOXPsfee3uMQ,doubletalk,2.9282,3.7078,2.7006,3.8494,4.6491,1.3796,4.3783,1.7961
TGZ5Wq0SCUCOXPsfee3uMQ_with_movement,doubletalk,3.0966,2.5654,3.4816,2.588,4.5274,1.3862,4.6691,1.3764
TZ6TJFCbfkKAVrS64Sf08Q,doubletalk,4.4038,3.1506,4.4655,3.5043,4.3523,3.1405,4.5798,2.5729
TcuegeGKL06ysmFP0RxjyQ,doubletalk,3.7006,2.8947,3.5462,2.7009,3.5795,2.8954,4.4465,1.4873
Tgtk8jp1zkqmKzsmdrKt0g,doubletalk,3.5031,3.2441,3.3844,3.511,3.6619,3.8511,4.7291,1.6029
Tgtk8jp1zkqmKzsmdrKt0g_with_movement,doubletalk,2.942,3.4064,2.727,3.8383,2.8028,3.8311,4.4743,1.4761
Uc4dmejgWUCTvn0XZbMTBw,doubletalk,3.9983,2.8973,3.3063,3.0571,4.8461,1.497,4.8356,1.618
UmlD9X38NECNoJKm0oyf4w,doubletalk,4.5737,1.5882,3.2292,2.348,4.8153,1.6106,4.8539,1.8
V0JqgjlrB0Ke9y91r0rxNw,doubletalk,4.2059,2.3971,4.0147,2.7525,4.8007,2.1514,4.6732,2.3741
V0JqgjlrB0Ke9y91r0rxNw_with_movement,doubletalk,4.5026,1.7038,4.2583,2.085,4.085,2.0378,4.5502,1.5215
V6Mw0Ti8RUSkzvMGB4WGiw,doubletalk,4.2682,1.6333,3.2777,2.9392,4.7185,1.3843,4.7141,1.3485
V6Mw0Ti8RUSkzvMGB4WGiw_with_movement,doubletalk,2.8816,3.6137,2.7552,3.818,4.5336,1.7238,4.6448,1.3978
VNgRsWxMdkaUx1gKV9W1Zw,doubletalk,2.0333,2.5797,2.2768,2.7959,4.6214,1.3198,4.3884,1.4903
VNkNShj97UajHDVbSmIG0g_with_movement,doubletalk,3.2803,3.0325,3.142,3.7926,3.4137,3.8915,4.745,1.3057
VgSXlJJEI02dytkMm5UTzA_with_movement,doubletalk,4.0621,2.1435,3.8883,2.064,4.6686,1.6508,4.6281,1.3966
VtEW0vwTO0eEQaCBSfjjnQ,doubletalk,3.9702,2.6347,3.4165,3.1712,4.8095,2.1885,4.7754,1.8581
W0J6iZv7ZkmHOobCToob4A,doubletalk,4.4036,2.0655,3.8251,2.656,4.8529,1.578,4.9275,1.8015
W0J6iZv7ZkmHOobCToob4A_with_movement,doubletalk,4.1785,1.9718,3.6552,2.8373,4.2384,2.324,4.8516,2.0323
W0hFR3NHl0uak2m4tTX56Q,doubletalk,3.2182,3.3523,2.7701,3.8251,4.4054,2.2895,4.6589,1.6957
W0zK3dv0QE2YckPArTGXCg,doubletalk,3.3598,3.3636,2.8557,3.5373,2.9978,3.7664,4.4867,1.9691
W0zK3dv0QE2YckPArTGXCg_with_movement,doubletalk,3.3713,3.101,2.7711,3.7309,3.484,3.536,4.4617,1.4549
W4r0UCjieEuM0u930spvug,doubletalk,2.7369,2.6656,2.6156,3.9182,3.3728,3.2898,4.171,1.769
W4r0UCjieEuM0u930spvug_with_movement,doubletalk,3.9661,2.5155,3.2227,3.5056,3.3295,3.7231,4.6633,1.8996
W6eXdzuIPkaPtxI04uwsVA,doubletalk,3.1334,3.3046,2.6782,3.8581,4.3245,2.7617,4.5229,2.6443
W6eXdzuIPkaPtxI04uwsVA_with_movement,doubletalk,3.6497,3.3171,3.0973,3.8295,3.638,4.0277,4.6078,1.5752
WAx9ADn1O00xxkqYq0hPlg,doubletalk,3.6068,2.2949,3.1558,2.8784,4.4696,1.9994,4.8339,1.786
WAx9ADn1O00xxkqYq0hPlg_with_movement,doubletalk,3.5187,3.3249,2.532,3.4171,4.4932,2.6266,4.4947,2.4522
WCLKkH4DiEmAHQue4iNyOA,doubletalk,4.1008,2.8543,4.0794,3.4765,4.3432,3.0505,4.5103,2.733
WH0jN3PY40es2S0LsxmkkQ_with_movement,doubletalk,3.3454,3.0036,2.7898,2.8545,4.4669,1.6398,4.1367,2.3145
WH7rA6R2zkyopKUrcq9p3A,doubletalk,4.301,2.3882,3.3158,3.1448,3.8599,3.1733,4.7981,1.5756
WH7rA6R2zkyopKUrcq9p3A_with_movement,doubletalk,4.2589,2.217,3.2285,3.2351,3.6858,2.319,4.7531,1.4066
WLeLQyPtWk2uOefcjBdZmw,doubletalk,3.6115,3.1012,3.2544,3.0753,4.2971,3.2345,4.2301,2.8792
WLeLQyPtWk2uOefcjBdZmw_with_movement,doubletalk,3.8895,2.7047,3.523,3.7521,4.7534,2.5294,4.7117,2.1983
WTdBhXa080WJEeGDde9BGA,doubletalk,3.0621,3.1773,1.9758,3.6482,4.4326,1.9953,4.4701,1.7871
WYKA2zSbcE2gRBPHvMLQZw,doubletalk,3.3166,3.6474,2.5663,3.7544,4.6045,1.3945,4.7315,1.3583
WcK0OrF6ukW03fViPXTQjQ,doubletalk,3.3852,2.9613,2.7953,3.2724,4.508,1.8791,4.2601,2.0326
WcK0OrF6ukW03fViPXTQjQ_with_movement,doubletalk,4.2013,2.4538,3.6914,3.2622,4.5406,1.6687,4.661,1.5767
WnDjVFWmC0m0WhVq22mRlQ,doubletalk,3.3917,3.1331,2.2615,3.8506,3.125,3.3195,4.8062,1.8187
WnDjVFWmC0m0WhVq22mRlQ_with_movement,doubletalk,3.2556,2.2676,2.4813,2.7625,3.0382,3.2873,4.6681,1.2692
WqEYNwalSUebZxaeYVay2g_with_movement,doubletalk,4.5831,1.4069,4.0375,1.4723,4.309,1.5383,4.1172,1.5247
WtQs4a0YeU2B0dQWhS7gmg,doubletalk,3.8373,3.0031,3.8518,3.203,4.5905,1.6638,4.877,1.6022
Wv6yp6N1L0WqQ6ZLn6nD8g,doubletalk,2.3723,3.2431,1.483,4.0459,4.8096,1.4117,4.5986,1.5869
Wv6yp6N1L0WqQ6ZLn6nD8g_with_movement,doubletalk,3.5122,2.5354,2.2692,3.5058,3.7495,2.3049,3.4071,2.4853
Wyk5w95XqE2PztCBorHmuQ,doubletalk,4.4788,2.9142,4.1502,3.5904,4.1506,3.5219,4.853,2.2508
X0OraQOKtkCVriR0uj0WBQ,doubletalk,3.7087,3.005,3.4651,3.0156,4.7648,1.2692,4.5996,1.1879
X7Ua9txMj0aws848JPEbOg_with_movement,doubletalk,4.1093,2.0203,4.0693,2.9227,4.0378,2.7973,4.5911,1.3516
X9dNu4tXqUqx7qXBrpcbLA,doubletalk,3.08,3.2953,2.1263,3.8988,4.1359,2.1026,4.3418,1.8683
XCXcCwUPY0GmrtqtJ6xY2g,doubletalk,3.1056,2.7958,2.5732,3.0926,4.6352,1.2534,4.7056,1.3056
XCXcCwUPY0GmrtqtJ6xY2g_with_movement,doubletalk,3.6923,2.5334,3.3926,3.0224,3.9236,3.4358,4.2957,1.6511
XGDaZuEkE0WU4IN0Yi4XtA,doubletalk,3.3605,3.7682,3.1654,3.944,4.5131,2.0925,4.7133,1.2939
XGDaZuEkE0WU4IN0Yi4XtA_with_movement,doubletalk,3.3368,3.583,2.8248,3.6075,3.5779,3.3887,4.7464,1.542
XNOJLHM8e0aUHP4rWEAAtQ,doubletalk,3.708,2.2779,3.1953,3.2251,3.5092,3.2779,4.7397,2.007
XPzc0mE02UGND0qMzmW52g,doubletalk,3.9362,3.2239,3.1546,3.8821,4.1229,3.3772,4.5371,2.5949
XR7EqSNfH06yk30150jF6g,doubletalk,3.6391,2.5744,2.6372,3.2051,4.8136,2.4177,4.8007,2.4772
XRTnTUjU5kS0mejzCqyCiw,doubletalk,3.9539,3.1305,3.7961,3.7365,3.7676,3.2143,4.7308,2.0622
XRTnTUjU5kS0mejzCqyCiw_with_movement,doubletalk,3.2618,2.5721,2.8384,3.4665,3.5455,2.5982,3.7584,2.4723
XTqo1aOXDEiqyWTFK99I5Q,doubletalk,2.8533,2.6488,2.7399,3.0962,3.6661,3.1138,3.8548,2.8919
XTqo1aOXDEiqyWTFK99I5Q_with_movement,doubletalk,2.5104,2.8948,2.3155,3.5046,4.099,3.8436,4.6042,1.7944
XUjh6Bdm90GuYdigFMFXpQ,doubletalk,3.1967,3.2551,2.6532,3.8353,4.4743,2.9623,3.9274,2.718
XV5L2dn3S06M9GBEu1q3DA,doubletalk,3.4147,2.9788,3.1837,3.2982,4.6163,1.3123,4.6871,1.2879
XV5L2dn3S06M9GBEu1q3DA_with_movement,doubletalk,4.4882,1.2578,3.6373,2.0782,3.8689,3.0794,4.5296,1.2442
XnfMDZLl0U2WvLRphiGJ6A,doubletalk,2.7985,3.1801,2.4032,3.1051,4.407,1.381,4.5383,1.2403
XnfMDZLl0U2WvLRphiGJ6A_with_movement,doubletalk,3.2635,2.725,2.6396,3.3422,4.526,1.3669,4.3296,1.4342
XoP0KjC4G0W1SCRtg9l0LQ,doubletalk,3.8897,3.1749,3.4682,3.3905,3.6403,3.3215,4.4304,2.0867
XqvGR01tJkan17zltLs38Q,doubletalk,4.0131,3.287,3.6994,3.416,4.5083,3.3445,4.2105,3.1986
XqvGR01tJkan17zltLs38Q_with_movement,doubletalk,3.4745,3.2627,3.0809,3.9285,4.373,4.0146,4.5816,4.008
XtUWcfsuykC5fTu7DdAnnw,doubletalk,3.2581,2.2788,2.4288,2.9848,4.6797,1.3551,4.6354,1.3093
XuiheB7eUkyJA2XzFIovHQ,doubletalk,4.2661,1.5626,3.5109,2.6342,4.5019,1.3101,4.5159,1.2819
XuiheB7eUkyJA2XzFIovHQ_with_movement,doubletalk,3.8949,2.1669,3.5362,2.8309,4.6153,1.3887,4.5353,1.3751
Xvyiz1o0cEijZQ8DT9mB2w_with_movement,doubletalk,3.7932,2.1766,3.4609,2.99,3.2779,2.3124,4.1688,1.454
Xy0UsWVo1kCeEyVbQz2lgQ,doubletalk,2.9682,3.728,2.3696,3.9028,4.7166,2.6238,4.7892,2.9872
XzmU8Bbs70WtSj0koaWIzw,doubletalk,3.2095,2.8348,2.4298,3.8753,4.444,2.2435,4.634,1.6525
XzmU8Bbs70WtSj0koaWIzw_with_movement,doubletalk,3.6293,3.2434,3.0336,3.5355,3.5214,3.3865,4.6291,1.9669
Y4zG6bHup06zWMoq3OvZqQ,doubletalk,3.5655,2.7196,3.0416,3.5913,4.7839,1.557,4.7495,1.6772
Y7w0W4v9BEihm8Z06BxZfQ,doubletalk,2.9067,3.4234,1.9589,3.5997,4.5747,1.5616,4.3839,1.8033
Y91uE2tRg0SUB2a9XjT30w,doubletalk,2.2606,3.2231,1.8649,3.6013,4.0624,1.7233,4.5806,1.3391
YCCeFvngHk06umA5nKYWRQ,doubletalk,3.6453,3.2037,3.1518,3.5877,4.1227,3.3862,4.4597,2.8251
YCmmUCd3aEWd0V4s7MJQ8g,doubletalk,4.0865,2.2315,3.4426,3.0905,4.73,1.4432,4.6644,1.3855
ZJYUt0O0AEKSQ9LJ8z7t0A,doubletalk,3.1733,3.1508,2.157,3.3731,4.2345,1.9524,4.6452,1.8346
ZJYUt0O0AEKSQ9LJ8z7t0A_with_movement,doubletalk,3.4267,3.1303,3.1255,3.3929,4.3571,2.614,4.3396,2.1766
ZWq0X5sPiUe0lQjZdCPSeQ,doubletalk,3.6432,3.2234,3.2692,3.3199,3.6734,3.1517,4.8161,1.8126
ZtGitIxrzU0ILwu0HACaaw,doubletalk,2.6067,3.4447,2.7254,3.3909,4.3368,1.6055,4.3539,1.6482
afHuFvflAkaH7Pr85kheUQ_with_movement,doubletalk,3.3724,2.3434,3.3483,3.0601,4.2142,2.2953,4.6262,1.9131
hF9Lfjcn9kGQ4430uAbINA,doubletalk,3.0471,3.7473,2.0788,3.8818,4.4557,1.7911,4.8781,2.0212
hF9Lfjcn9kGQ4430uAbINA_with_movement,doubletalk,2.932,3.6835,2.3393,3.89,4.7745,2.4481,4.7038,2.006
hvY1v0viv0yMdAXKa2y1aw,doubletalk,3.6363,3.0168,2.942,3.7584,4.7958,2.3281,4.4813,2.0963
hvY1v0viv0yMdAXKa2y1aw_with_movement,doubletalk,3.7018,2.8473,2.8751,3.3479,4.875,2.1231,4.6611,2.0014
i2BU43nmM00qbI1MKr2njQ,doubletalk,3.2504,3.4084,3.1864,3.4319,4.7734,1.7556,4.6495,1.415
i2BU43nmM00qbI1MKr2njQ_with_movement,doubletalk,2.9422,3.0592,2.2687,3.2425,4.629,1.4361,4.5704,1.3883
iOyPaxX11UOaUkcscKhq1A,doubletalk,3.4804,3.113,3.0915,3.6186,4.5026,1.4978,4.6091,1.3768
iOyPaxX11UOaUkcscKhq1A_with_movement,doubletalk,2.7047,3.8561,2.7699,3.9679,4.0784,2.4741,4.6877,1.6795
it28X10JfUOAHjBiv6JIwA_with_movement,doubletalk,4.4071,2.6798,4.2106,2.947,3.4374,3.4003,4.8026,2.1287
iyuYIcszXku7BWYOOwqh5Q_with_movement,doubletalk,4.9438,1.9866,4.5661,2.4941,4.9356,1.5965,4.9371,1.6692
j0awp3hXrkCSqhR748U3iQ,doubletalk,4.1213,3.5222,4.0783,3.8299,4.0589,2.7428,4.536,2.1865
jZfooJf57k24ANUbn1Vv0Q,doubletalk,3.4538,2.9465,2.6933,3.7809,4.7903,2.3324,4.7847,1.6249
jZfooJf57k24ANUbn1Vv0Q_with_movement,doubletalk,3.7978,3.7148,2.9421,3.7948,4.6037,3.4214,4.5411,3.4059
jtYTdZm3lUmFVNibJWq8YQ,doubletalk,4.0213,2.5107,3.2032,3.4978,4.674,2.3485,4.7287,2.2976
jtYTdZm3lUmFVNibJWq8YQ_with_movement,doubletalk,3.2366,3.1432,2.7461,3.7903,4.729,2.335,4.8115,2.049
kGFOHthwrUWqHCLkBYIQnA,doubletalk,3.6131,3.1483,2.7949,3.5242,4.5857,1.4942,4.7863,1.414
kGFOHthwrUWqHCLkBYIQnA_with_movement,doubletalk,3.57,3.3065,2.8295,3.6035,4.5206,2.3528,4.8318,1.6263
kOGPX6kHskOaKSZdLGNz8A,doubletalk,2.1674,3.9709,1.6324,4.0275,4.1838,2.6686,4.8079,1.6622
kOGPX6kHskOaKSZdLGNz8A_with_movement,doubletalk,3.0687,3.5961,2.847,3.8263,3.2768,3.1976,3.1124,2.587
kZogUfYct0qMwSqvRTwOVg,doubletalk,2.9315,2.8386,1.9863,2.9833,4.6928,1.2248,4.6534,1.2142
kZogUfYct0qMwSqvRTwOVg_with_movement,doubletalk,2.636,3.3601,2.6226,3.2749,4.6513,1.2562,4.627,1.2424
kg9YJVP17k2YTFuPQTOsdA,doubletalk,4.5834,2.2529,4.5261,2.4446,4.9384,1.3293,4.7372,1.2986
kg9YJVP17k2YTFuPQTOsdA_with_movement,doubletalk,4.474,2.193,4.4213,2.4502,4.4347,1.5773,4.6547,1.4206
khqZY41lNEyIvMf2ZNJuVA,doubletalk,3.2829,3.3593,2.8065,3.3371,3.8638,3.2655,3.8112,2.8545
khqZY41lNEyIvMf2ZNJuVA_with_movement,doubletalk,3.511,3.2168,3.2689,3.1904,3.72,3.3605,4.2587,1.41
kwolfjBXWEOJmdbDdFoTVQ_with_movement,doubletalk,3.7,1.8709,2.2386,2.9851,4.8541,1.467,4.5398,1.4089
kz23X4pDSEiPmWtw2Qx00Q,doubletalk,3.7099,3.1348,3.2437,3.5477,4.428,2.4701,4.873,1.9625
kz23X4pDSEiPmWtw2Qx00Q_with_movement,doubletalk,3.2905,3.3885,3.0736,3.8911,4.4551,2.283,4.7117,1.9159
lH20r2skzU02a647xYoFoA,doubletalk,2.6242,3.2294,2.2654,3.6405,2.3459,3.246,3.9881,1.6189
lH20r2skzU02a647xYoFoA_with_movement,doubletalk,4.0309,1.8455,3.0165,3.1118,3.8787,2.0704,4.1579,1.5498
lV0kQN0hR0ySmE0bQhuYbw,doubletalk,2.843,3.1631,2.1035,3.4006,4.6516,1.5843,4.3411,1.3294
lV0kQN0hR0ySmE0bQhuYbw_with_movement,doubletalk,2.8953,3.674,2.4652,3.653,3.3804,2.0422,4.2846,1.3618
m5uBFyhN5UCVODFvL0KOeQ,doubletalk,3.6155,3.099,2.7067,3.7856,4.8329,1.8632,4.8425,1.7968
m6ciKvH6AEe7Yi2ptKjj1g_with_movement,doubletalk,3.1094,2.8411,1.8083,3.4368,4.5198,1.3244,4.3598,1.3828
mXuYaMbcZka0TpdHDdTlWA,doubletalk,3.6722,2.6573,3.8183,2.7298,3.9662,2.8002,4.0961,1.9495
mljUO9k4gUiYCHgXSsfo5A_with_movement,doubletalk,3.7794,2.514,3.4684,3.4049,4.0101,3.4335,4.2522,1.5261
mrmDEdQMpk6hJnMqn59pOQ,doubletalk,3.1033,3.3759,2.6216,3.5501,4.8631,1.6551,4.9263,1.4151
nVUnxqHLr0GTN7shWid1Ow,doubletalk,4.5977,1.8835,4.0914,2.6587,4.7686,1.5302,4.8144,1.5471
nZQu09pizke3LNOn6uaU0A,doubletalk,3.7483,2.9208,3.0524,3.7808,4.8047,1.8053,4.6083,1.5418
nlSSRl4k50Gq2mIRYlMBCg,doubletalk,3.4199,2.9158,2.2265,3.7384,4.6067,1.3314,4.5979,1.3614
nlSSRl4k50Gq2mIRYlMBCg_with_movement,doubletalk,3.8182,2.1592,2.4797,2.9527,4.723,1.4159,4.6995,1.3598
nyT6FUUdu0W8UpvjP1rRgQ,doubletalk,2.5752,2.1761,2.0236,3.3695,3.0338,3.662,4.4298,1.4323
nyT6FUUdu0W8UpvjP1rRgQ_with_movement,doubletalk,3.4706,3.6779,2.9281,3.6953,3.2517,4.1139,4.5864,1.3136
o7yLy0sI9kCpV0HgSDfL8A,doubletalk,3.4367,2.7548,2.7219,2.9757,4.4885,1.7764,4.555,1.5864
oEyXuSCCw0qdJ0J16FGfcQ,doubletalk,2.951,3.5754,2.258,3.8245,4.4748,1.7459,4.5322,1.423
oQK3bVihI0qel9As840Zzw_with_movement,doubletalk,3.0437,3.3341,2.6236,3.6429,4.4932,2.4899,4.5086,2.2817
orvXZE0juUeRPAAdjZSqoA,doubletalk,3.8577,3.1428,3.7954,3.2061,3.7227,3.4511,4.4498,2.1668
p0mhFbhV6kGJgjd0RTTIIw,doubletalk,4.6294,1.2904,4.4917,1.6281,4.8866,1.2644,4.8756,1.338
pPBidi8oyUarZCGUrKJEsg,doubletalk,4.0197,1.7157,3.5781,2.3017,4.5722,1.2746,4.6921,1.2332
pU21kfoo0UOz0fPMJFfydg,doubletalk,3.6582,2.3079,3.4734,2.572,3.4638,2.5584,4.0128,2.8344
qVd1gtwQ0k2lVRqPVp1NKQ,doubletalk,4.5004,2.4077,4.0553,2.8934,4.8744,1.6007,4.8027,1.6526
qVd1gtwQ0k2lVRqPVp1NKQ_with_movement,doubletalk,4.1943,2.6125,3.6864,3.0102,4.8465,2.4443,4.7824,2.6363
qiQL0BUPxk0YtpnP7JGfNg,doubletalk,3.112,3.3359,2.5324,3.6076,4.3981,2.3866,4.4432,1.5575
qkGW9Frbs0Gq5gdfsztA2g,doubletalk,4.2632,2.1443,3.8172,2.9788,4.7908,2.3975,4.7888,2.052
qkGW9Frbs0Gq5gdfsztA2g_with_movement,doubletalk,3.7667,2.9437,3.0895,3.714,4.7345,2.0346,4.7918,1.435
ql7yTcebJU20VE5qpW0kCA,doubletalk,3.485,3.0929,2.6866,3.251,3.4387,3.1873,4.3876,1.8841
ql7yTcebJU20VE5qpW0kCA_with_movement,doubletalk,2.6659,2.3709,2.4699,2.8803,2.4785,2.9796,4.1197,1.495
qu84vhur1UaDJPH2eCmMZA,doubletalk,3.733,3.635,2.953,3.8136,4.7792,1.4775,4.7978,1.5885
r7U6JmcRl0ibIh0mN3CP9g,doubletalk,2.4407,3.5964,2.3389,3.7139,4.5726,2.3317,4.778,2.262
rOzaUzFu0kKDiJa1qQVoOg,doubletalk,4.3017,2.1666,3.6396,3.1354,4.8912,2.0297,4.8647,1.9509
s0oJqM6Y1UCHSVmHmgsx4Q,doubletalk,2.2506,3.7771,1.8829,4.0018,4.2933,1.4249,4.2542,1.3367
s0oJqM6Y1UCHSVmHmgsx4Q_with_movement,doubletalk,2.3633,3.4758,2.107,3.6476,4.6266,1.3606,4.3816,1.4497
s90M7MOTBkqaV4nQPLhKbA,doubletalk,4.8116,2.2287,4.8006,2.6317,4.6259,2.0016,4.8505,1.7134
sKXucFp4FUCJKo5d0G54Og,doubletalk,3.5547,2.8328,2.6375,3.3517,4.5687,1.5845,4.6514,1.2771
sKXucFp4FUCJKo5d0G54Og_with_movement,doubletalk,3.4536,2.8682,2.3718,3.4835,4.6587,1.4212,4.6829,1.2842
sLWe8bfYbkGwX1W3PzI1PQ,doubletalk,2.497,3.6709,2.158,3.6781,4.4122,1.7965,4.5199,1.3155
sLi810BoekuU3HSx14LT7A,doubletalk,4.521,2.7096,4.3388,3.0732,3.3574,3.6409,4.617,1.3512
sRCs6SKo6kC0xire475q0A,doubletalk,3.6411,3.162,2.8681,3.6383,3.971,3.188,4.0044,2.3691
sRCs6SKo6kC0xire475q0A_with_movement,doubletalk,4.1448,2.4217,4.0361,2.5965,4.0126,3.0549,4.0697,2.0704
sUQrHEPAoEmIvHclpi1tRQ,doubletalk,3.3089,2.4419,2.8981,3.0593,3.1663,3.1054,4.647,1.3251
sYQK1rJlwU2XCy20n0Sx9g,doubletalk,3.7673,2.4544,3.4301,3.1892,4.7028,1.3388,4.8379,2.1632
sYQK1rJlwU2XCy20n0Sx9g_with_movement,doubletalk,3.8004,3.3328,3.6241,3.6339,4.6545,2.2541,4.662,1.5443
sx6mxKBQpkq520m64BwUdQ,doubletalk,2.7864,3.7701,2.2903,3.9347,4.6392,1.3839,3.7496,1.9751
sx6mxKBQpkq520m64BwUdQ_with_movement,doubletalk,3.2609,3.9127,2.9251,3.8848,4.4956,2.3239,4.5691,1.5824
tSwJHBIJ9kyW1RluCeIBOg,doubletalk,4.0294,3.5539,3.7804,3.9168,4.1792,3.9465,4.7634,2.3056
tl5UFRCXZkyL6EoWVl09xA,doubletalk,3.8865,3.6733,3.7588,3.7407,4.5403,3.5358,4.6419,3.9975
tl5UFRCXZkyL6EoWVl09xA_with_movement,doubletalk,3.331,3.3885,2.5981,3.5685,4.5801,3.8642,4.3649,2.8888
u0X5XB2KzEGduXtfWfjGDw,doubletalk,4.3498,3.0175,4.0469,3.0333,4.6621,2.294,4.7041,1.8196
u0X5XB2KzEGduXtfWfjGDw_with_movement,doubletalk,4.616,1.6349,4.5764,1.8152,4.8412,1.4545,4.7849,1.3931
uLl640xveUuHp2kEtOCTeQ,doubletalk,3.3023,3.5837,2.7481,3.8201,4.767,1.7255,4.6791,1.9433
uLl640xveUuHp2kEtOCTeQ_with_movement,doubletalk,4.1998,2.5663,3.3972,3.251,4.7976,2.4542,4.872,1.7962
uS9t2QYDckeO7SnQNYZVcg,doubletalk,3.0622,3.8382,3.0269,3.7017,4.4576,1.4111,4.5519,1.401
urm5FZsuoEGEayow6ckb0w,doubletalk,2.327,4.0075,2.0378,3.9797,3.1855,3.8552,4.6268,1.422
urm5FZsuoEGEayow6ckb0w_with_movement,doubletalk,2.016,3.9458,1.8422,3.8522,2.8802,2.3416,4.2378,1.8535
vSZmpMJI0kKv30P2GhgV1Q,doubletalk,4.0993,1.9856,3.9218,2.0545,3.9481,2.9446,4.7593,1.5135
vjW8NP6JgUC3ved1NRJwbQ,doubletalk,3.6953,3.2208,3.0726,3.3682,4.5002,2.6905,4.4627,2.6382
vjW8NP6JgUC3ved1NRJwbQ_with_movement,doubletalk,3.4953,3.4758,3.3888,3.8873,4.1069,2.9246,4.6146,2.4546
w0QrMwsZ5kGoJjRWvP0iKg,doubletalk,3.2639,2.967,2.2603,3.3788,4.5353,1.3128,4.7837,1.232
w0QrMwsZ5kGoJjRWvP0iKg_with_movement,doubletalk,3.1889,2.7695,2.5852,3.218,4.5585,1.3823,4.5685,1.2354
w0ogzwvJ7EmiHTCzx7sgwA,doubletalk,3.3244,3.0278,2.5404,3.2935,4.3509,2.7894,4.0159,2.8884
w0ogzwvJ7EmiHTCzx7sgwA_with_movement,doubletalk,3.9902,3.42,3.6346,3.533,4.5913,2.7854,4.3858,2.5089
w5XDRNfB2Ei2UoUDtrTkzg,doubletalk,3.7011,2.9177,3.3506,3.427,3.869,2.7039,4.8009,1.6134
w5XDRNfB2Ei2UoUDtrTkzg_with_movement,doubletalk,4.3731,1.6936,4.0334,2.4452,4.0391,2.1029,4.6982,1.5943
w99IPIb8Y002xTemq804CQ,doubletalk,3.8085,2.966,3.5448,3.0802,4.1392,2.9882,4.2707,2.2345
wHmBm7VHfkysBOhjoAXkNA,doubletalk,4.1639,2.3747,3.5069,3.2617,4.0247,3.4524,4.6371,1.6257
wHmBm7VHfkysBOhjoAXkNA_with_movement,doubletalk,3.8502,1.6995,3.6515,2.1506,3.768,3.3096,4.663,1.1773
wJVPo4lexUK40x0nuK0KWg,doubletalk,3.8048,3.1737,2.7285,3.9273,4.8313,2.5317,4.8154,2.745
wLRC9k23Bk6kmBzZdbkHTA,doubletalk,4.3954,1.6071,3.7151,3.0926,4.5166,1.9103,4.7763,1.5397
wVYSGVTTakih9twI4xlDWQ,doubletalk,3.9875,2.9356,3.1905,3.3223,4.7179,2.7567,4.6401,2.7441
wVYSGVTTakih9twI4xlDWQ_with_movement,doubletalk,3.0387,3.7982,3.0604,3.786,4.5591,1.7551,4.6651,1.5404
wWeNtFK0dEG9Wub40bB15A,doubletalk,3.3588,2.9345,2.8689,3.0483,3.2276,2.7749,4.2232,1.8565
wWeNtFK0dEG9Wub40bB15A_with_movement,doubletalk,3.9629,2.0857,3.2612,3.2871,3.819,2.9817,3.8508,2.4472
wY00iJ3cE0aQsjt0m1tC0g_with_movement,doubletalk,3.9153,2.9202,3.5218,3.4158,4.4804,2.3035,4.527,2.0577
wY3Rp9YEjkOke09hMwfsjg,doubletalk,4.4537,2.0097,4.1869,2.3403,4.7208,1.4322,4.7749,1.3829
wZvBJ5R4REKr7IitKv9FIw_with_movement,doubletalk,2.8484,3.883,2.5792,4.1225,3.7387,3.1588,4.2486,2.929
waxU019BVEacr7vK6v00mQ,doubletalk,3.7866,2.9662,3.6815,3.1458,4.2245,1.9186,4.6048,1.8003
waxU019BVEacr7vK6v00mQ_with_movement,doubletalk,3.6526,2.8524,3.7804,2.6169,4.5853,1.8121,4.7635,1.8794
wlAXM0iDgkm06i7UdRww1w,doubletalk,4.0032,3.7733,3.8946,3.782,4.059,3.4589,4.1682,1.6825
wlAXM0iDgkm06i7UdRww1w_with_movement,doubletalk,3.9333,3.3144,4.113,3.8255,4.1828,3.4736,4.6712,1.6596
wr2CEenGL0Oec4b1GW5Zww,doubletalk,3.055,3.4395,2.9036,3.8457,4.5519,2.2474,4.5065,1.981
wr2CEenGL0Oec4b1GW5Zww_with_movement,doubletalk,2.7862,3.261,2.512,3.8958,3.095,2.6096,4.5342,1.3173
wyx9K4tvB0qmAoFaCLBeuA,doubletalk,3.8379,2.9509,3.1273,3.7947,3.5236,3.2011,4.4987,2.5203
x1pZr2uWBkulb77zcCfAJA,doubletalk,3.5892,2.694,2.8796,3.6477,4.6815,2.1081,4.6884,1.7644
x7Frsl5wTEKmog3A6lL57g,doubletalk,3.8535,2.4529,3.5567,3.1405,4.6885,1.3679,4.6714,1.4149
x7VuXKV4LUu0MSdRHyOeTg,doubletalk,3.9597,3.2326,3.5514,3.8818,3.7037,3.4741,4.7699,2.6203
xA63038UDkGgZvGqHr0Kiw,doubletalk,3.9613,2.1802,3.5074,3.1001,4.6994,1.5841,4.742,1.4148
xFk7igecuke0R5JMfREyDg_with_movement,doubletalk,3.3542,3.3151,2.9882,3.5713,3.6116,3.3742,4.5541,1.275
xNr7L0xsLUG4B9oUqW0V4Q,doubletalk,3.066,3.2646,2.9876,3.6187,4.6906,2.0034,4.5243,1.6877
xNr7L0xsLUG4B9oUqW0V4Q_with_movement,doubletalk,4.6619,2.6784,4.5975,3.4869,4.6179,3.1059,4.3772,2.71
xQEUtY2pWUi7v1X93TF2AA,doubletalk,3.5239,2.6556,2.5932,3.5649,4.6429,1.9782,4.6497,2.3367
xSh5yXWiP02K0UkYdkZ0cA,doubletalk,3.8315,2.6676,3.1598,3.2185,3.777,2.9256,4.6867,2.2153
xSh5yXWiP02K0UkYdkZ0cA_with_movement,doubletalk,4.389,2.4596,3.7634,2.4377,4.4565,2.0977,4.8817,1.7928
xWOALEtAwk2oABUz3vAv6w,doubletalk,3.5397,2.9013,3.4154,3.184,4.4678,1.614,4.6427,1.4563
xYuPW7feGkyc8a1rfcDv9w,doubletalk,3.5757,3.1832,3.1247,3.2365,4.6644,1.5046,4.671,1.2842
xYuPW7feGkyc8a1rfcDv9w_with_movement,doubletalk,3.6683,2.8082,3.5697,3.1174,4.4322,3.8153,4.342,1.5855
xb7eJJF0Vki6Yl3y4B7oJA,doubletalk,4.5665,1.905,4.5223,2.5184,3.5016,3.3089,4.6399,1.8595
xb7eJJF0Vki6Yl3y4B7oJA_with_movement,doubletalk,3.7538,2.8267,3.0645,3.2427,3.862,3.7733,4.7384,2.0108
xnpFE06ShUea4Jn1Wu7EzQ,doubletalk,3.606,3.3378,3.0298,3.9173,4.6485,1.4045,4.6673,1.3362
xnpFE06ShUea4Jn1Wu7EzQ_with_movement,doubletalk,3.255,2.5677,3.0013,3.0097,3.3309,3.2967,4.6262,1.3714
xofDX004bkqiOv9YOxmGVQ,doubletalk,4.3325,2.3294,3.6429,3.1948,3.7812,3.0567,4.6793,1.4753
xofDX004bkqiOv9YOxmGVQ_with_movement,doubletalk,4.2158,1.9859,2.9914,3.5404,4.4882,1.6701,4.6795,1.4799
xuKL15aeq0CZpaYTrP9V4w_with_movement,doubletalk,2.6517,3.5989,2.5812,3.5066,2.6696,3.7774,3.5259,2.5632
xvACDxradUuKNYImFSd1ww_with_movement,doubletalk,3.4196,3.0932,2.4568,2.7757,3.8025,3.0864,4.0335,1.9197
y1VEXHeaH0K0eKC5tlE7rg,doubletalk,3.8911,2.7771,3.5276,3.1621,4.8598,2.2805,4.8566,2.0402
y2ZCo1jA6kGdWZ0MgoaZ5w,doubletalk,2.6661,3.4617,2.7524,3.5797,4.149,1.6574,4.1301,1.6953
y2ZCo1jA6kGdWZ0MgoaZ5w_with_movement,doubletalk,3.2271,3.524,3.1812,3.4378,4.3075,1.5899,4.3519,1.4242
y3EDAxnBRUCjAZ6iLUxs0w,doubletalk,4.025,2.8167,3.3903,3.8145,4.8079,2.461,4.8174,2.6797
yM2wHof9U06yVPJfemZ3hg,doubletalk,2.8801,3.6701,2.2945,3.7453,3.2955,3.0882,4.5933,1.389
yZs0i8NpJkypsV8QyvduzQ,doubletalk,4.119,1.8726,3.6656,2.3008,4.7958,1.9823,4.8021,2.0277
yc5bFUGsR0GSfiGwTTpRWg,doubletalk,4.0714,1.9824,3.4934,3.2369,3.7577,3.3102,4.7446,1.3465
yc5bFUGsR0GSfiGwTTpRWg_with_movement,doubletalk,3.6658,2.541,3.4121,2.3727,3.4183,3.5059,4.4239,1.6877
z4PqfBhq2E01IDBkTH0gnw,doubletalk,3.0282,3.5831,2.439,3.8712,3.1393,3.5892,4.444,1.5545
zONvcX0qYkuaAViV5PXcYg,doubletalk,2.1928,3.2816,1.785,3.6462,3.949,1.9112,4.5848,1.306
zONvcX0qYkuaAViV5PXcYg_with_movement,doubletalk,3.239,3.1356,2.3466,3.7017,3.4526,2.6908,4.627,1.4867
zOiK6oSHp0ib3nHvzLKbRQ_with_movement,doubletalk,3.8599,1.9713,2.5131,2.478,4.8379,1.4184,4.618,1.4233
zddPqpp1a06xttKdc0iNTA,doubletalk,2.2973,2.7557,2.0272,3.0718,3.0933,2.5704,3.8418,1.9052
zpiSOkxpHkCs5SqdOo5ZIQ,doubletalk,3.7777,3.0262,3.2993,3.5528,4.674,1.8608,4.7512,1.6897
zpiSOkxpHkCs5SqdOo5ZIQ_with_movement,doubletalk,3.6255,3.2949,3.3814,3.7443,4.5834,2.4345,4.5983,2.1445
zzCIhneJ8UKTWZ48U0kRXw,doubletalk,3.4731,2.96,2.9696,3.1326,4.0477,3.0724,4.0171,2.6173
zzCIhneJ8UKTWZ48U0kRXw_with_movement,doubletalk,3.7231,2.6588,3.9283,2.8129,4.2249,3.3227,4.3549,2.8942
